Top1,Top2,Top3,Top4,Preco,Quantidade,Promotion,Receita,Clima
Carbonated Water - Blackberry,Soup - Campbells Tomato Ravioli,Wine - Crozes Hermitage E.,Bread - Sour Batard,17,7,1,234,3
Puff Pastry - Slab,Soup - Campbells Mushroom,Gatorade - Cool Blue Raspberry,Cookie - Oreo 100x2,78,2,1,318,1
Wine - Stoneliegh Sauvignon,Momiji Oroshi Chili Sauce,Vodka - Moskovskaya,Coffee - Almond Amaretto,100,4,1,476,2
Baking Soda,Icecream - Dstk Cml And Fdg,"Artichoke - Bottom, Canned",Bread - Hamburger Buns,40,6,1,438,2
Wine - Soave Folonari,Couscous,Bread - Pumpernickel,Wine - Casillero Del Diablo,61,2,1,492,4
Tarragon - Fresh,Ginsing - Fresh,Danishes - Mini Raspberry,Cheese Cloth No 100,81,6,1,402,3
Avocado,Persimmons,Pears - Anjou,Mushroom - Portebello,95,1,1,146,2
Water - Spring 1.5lit,Blue Curacao - Marie Brizard,Wine - Muscadet Sur Lie,Sherry - Dry,50,1,1,183,1
"Crab - Claws, Snow 16 - 24",Lettuce - Treviso,Table Cloth 144x90 White,Salt - Table,68,8,1,48,4
Tuna - Sushi Grade,Coffee - Ristretto Coffee Capsule,Baking Powder,Pork - Shoulder,84,6,1,323,2
Chocolate Bar - Reese Pieces,Plastic Arrow Stir Stick,"Seedlings - Buckwheat, Organic",Rhubarb,32,9,1,264,2
Beef - Montreal Smoked Brisket,Puree - Strawberry,Wine - Crozes Hermitage E.,Wine - Gewurztraminer Pierre,30,9,1,69,4
Tuna - Yellowfin,Tomato - Plum With Basil,Hot Chocolate - Individual,Langers - Ruby Red Grapfruit,71,6,1,234,3
Lobak,Ice Cream Bar - Hageen Daz To,"Beef - Tongue, Fresh",Horseradish Root,12,5,1,46,2
Gherkin - Sour,Ham - Procutinni,Appetizer - Chicken Satay,"Cheese - Cheddar, Old White",100,3,1,26,1
Sansho Powder,"Pepsi, 355 Ml",Pork - Backfat,"Carrots - Purple, Organic",29,9,1,107,1
Bread - Dark Rye,Chicken - Whole,"Veal - Insides, Grains",Zucchini - Green,7,4,1,381,4
Cookies Oatmeal Raisin,Daikon Radish,Tomatoes - Heirloom,Dehydrated Kelp Kombo,33,2,1,309,3
Soup - Base Broth Beef,"Soup - Campbells, Minestrone","Wine - White, Antinore Orvieto",Onions - Cooking,32,1,1,498,4
Bread - Pumpernickel,Soup Campbells Beef With Veg,Appetizer - Shrimp Puff,Compound - Rum,40,1,1,249,4
"Veal - Inside Round / Top, Lean",Corn - Mini,Mint - Fresh,"Basil - Primerba, Paste",78,10,1,43,2
Crackers - Graham,Mushroom - Morel Frozen,Drambuie,Maple Syrup,52,4,1,410,3
Sea Bass - Fillets,"Pepper - Green, Chili",Milk - 2% 250 Ml,Pineapple - Regular,50,4,1,391,4
Beans - Wax,"Pesto - Primerba, Paste",Lime Cordial - Roses,Sobe - Berry Energy,91,5,1,250,1
Beans - Fava Fresh,Molasses - Fancy,Irish Cream - Butterscotch,Soup - Tomato Mush. Florentine,100,8,1,269,4
Tomatoes - Cherry,Milk - 1%,Ecolab - Hobart Upr Prewash Arm,"Bread - Multigrain, Loaf",87,5,1,302,3
Muffin Batt - Choc Chk,"Water - Mineral, Natural",Wine - German Riesling,Venison - Racks Frenched,64,3,1,229,2
Shiro Miso,Tamarillo,Puree - Raspberry,"Soup - Knorr, Classic Can. Chili",11,8,1,416,2
"Soup - Knorr, French Onion",Waffle Stix,Spice - Peppercorn Melange,"Salmon - Whole, 4 - 6 Pounds",25,8,1,403,3
"Sauce - Black Current, Dry Mix","Tomatoes - Diced, Canned",Spinach - Frozen,Flavouring - Rum,80,10,1,140,3
"Trout - Hot Smkd, Dbl Fillet",Wine - Champagne Brut Veuve,Broom - Corn,Wine - Magnotta - Cab Sauv,9,10,1,438,4
"Rum - Cream, Amarula","Sole - Dover, Whole, Fresh","Tendrils - Baby Pea, Organic",Lemons,52,5,1,290,2
Beer - Rickards Red,Table Cloth 54x72 Colour,Pork - Ham Hocks - Smoked,Flower - Potmums,24,1,1,492,4
"Cheese - Cheddar, Medium",Pork - Ham Hocks - Smoked,Pickerel - Fillets,Chicken - White Meat With Tender,76,9,1,120,4
Table Cloth 81x81 White,"Pepper - Black, Ground",Nantucket Cranberry Juice,Extract - Rum,50,8,1,93,1
"Lemonade - Natural, 591 Ml",Vinegar - Balsamic,Soup - Campbells Beef Stew,Eggplant - Baby,15,3,1,154,1
Cake - Miini Cheesecake Cherry,Ecolab - Hobart Washarm End Cap,Nantucket Orange Juice,Beef Wellington,49,10,1,2,3
"Pepper - Black, Ground","Lentils - Red, Dry",Rosemary - Fresh,Soup - Base Broth Beef,68,5,1,37,4
Ham - Virginia,"Doilies - 8, Paper",Island Oasis - Cappucino Mix,Muffin - Zero Transfat,93,7,1,41,1
"Flour - Buckwheat, Dark","Champagne - Brights, Dry",Gherkin,Muffin Batt - Blueberry Passion,45,3,1,165,4
Passion Fruit,Cheese - Le Cru Du Clocher,Wine - Bouchard La Vignee Pinot,"Sugar - Sweet N Low, Individual",72,9,1,226,3
"Bread - Rolls, Corn",Wine - Ej Gallo Sonoma,Tomato Paste,Cheese Cheddar Processed,35,8,1,54,2
Swiss Chard,Lid - 0090 Clear,Rosemary - Fresh,Plate Foam Laminated 9in Blk,63,6,1,449,2
Crackers - Graham,Broom - Angled,"Rum - Spiced, Captain Morgan",Lotus Leaves,7,3,1,62,4
Bacardi Mojito,Muffin Hinge 117n,Chicken - Soup Base,Anchovy Paste - 56 G Tube,73,9,1,369,4
Passion Fruit,"Cheese - Havarti, Salsa",Wine - Rubyport,Soup - Campbells Mushroom,89,7,1,357,3
Daves Island Stinger,Beer - Pilsner Urquell,"Tart Shells - Sweet, 4",Vinegar - Sherry,100,6,1,76,1
"Juice - Pineapple, 48 Oz",Plate Pie Foil,Durian Fruit,Ecolab - Ster Bac,77,1,1,463,1
Emulsifier,Juice - Prune,Rolled Oats,Sobe - Green Tea,11,3,1,95,4
Ecolab Digiclean Mild Fm,Nantucket - Kiwi Berry Cktl.,Cookie Chocolate Chip With,Dikon,62,8,1,182,3
Carbonated Water - Wildberry,Pails With Lids,Ham Black Forest,"Cheese - Brie, Cups 125g",96,2,1,324,1
"Sauce - Soya, Dark",Bar - Sweet And Salty Chocolate,Wine - Sogrape Mateus Rose,Chicken Giblets,87,1,1,15,2
"Soup - Campbells, Chix Gumbo",Onions - Vidalia,Cheese - Swiss Sliced,Blue Curacao - Marie Brizard,54,7,1,15,4
Cheese - Cottage Cheese,Bread Base - Toscano,Crab - Soft Shell,Cheese Cloth No 60,70,6,1,13,2
Coffee Beans - Chocolate,Bar - Granola Trail Mix Fruit Nut,"Noodles - Cellophane, Thin",Yokaline,2,2,1,122,2
"Mushroom - Chanterelle, Dry",Wine - Redchard Merritt,Aromat Spice / Seasoning,Squash - Acorn,40,3,1,308,3
Beer - Camerons Auburn,"Bread - Multigrain, Loaf","Tomatoes - Vine Ripe, Yellow",Yoghurt Tubes,42,3,1,232,4
Duck - Whole,Rosemary - Dry,Artichoke - Fresh,"Pork - Ham, Virginia",38,4,1,483,1
Lotus Root,Cilantro / Coriander - Fresh,"Tart Shells - Savory, 2",Wine - Vidal Icewine Magnotta,37,8,1,268,3
Curry Powder Madras,Puff Pastry - Sheets,Pop Shoppe Cream Soda,Muffin Batt - Carrot Spice,75,3,1,301,1
Shark - Loin,Foil - 4oz Custard Cup,Carroway Seed,Walkers Special Old Whiskey,64,1,1,2,1
"Pasta - Gnocchi, Potato",Blueberries,Cinnamon Rolls,Vinegar - White,30,5,1,329,1
Wine - Alsace Gewurztraminer,"Beans - Fava, Canned",Chips - Doritos,Pepper - Chili Powder,36,4,1,98,3
Coffee - Ristretto Coffee Capsule,Nantucket - Pomegranate Pear,Bag - Clear 7 Lb,Chocolate Liqueur - Godet White,38,7,1,363,2
Bacardi Breezer - Strawberry,"Mushroom - Enoki, Dry",Cookies - Fortune,Pastry - Banana Muffin - Mini,52,4,1,465,3
Wild Boar - Tenderloin,"Tomatoes - Vine Ripe, Yellow",Appetizer - Southwestern,Chicken Breast Halal,47,3,1,338,1
Beer - Muskoka Cream Ale,Ecolab - Mikroklene 4/4 L,Bag - Clear 7 Lb,Tofu - Soft,66,8,1,201,3
Oven Mitts - 15 Inch,Mushroom - King Eryingii,Lighter - Bbq,Flavouring - Orange,51,7,1,41,2
"Turkey - Breast, Boneless Sk On",Snapple Raspberry Tea,Heavy Duty Dust Pan,Cheese - Victor Et Berthold,2,2,1,484,3
Nectarines,Sprouts Dikon,Melon - Cantaloupe,Cheese - Comtomme,52,2,1,341,2
Veal - Leg,Puree - Passion Fruit,Apples - Spartan,Wine - Bouchard La Vignee Pinot,66,10,1,470,2
Sugar - Invert,Onions - Spanish,"Plate - Foam, Bread And Butter",Nacho Chips,1,5,1,113,3
Chocolate Bar - Oh Henry,Celery,Lettuce - Boston Bib - Organic,Flower - Carnations,94,2,1,53,4
Kiwi,"Lamb - Racks, Frenched","Chicken - White Meat, No Tender",Sauce - Plum,39,5,1,286,3
"Wine - Red, Gamay Noir","Appetizer - Spring Roll, Veg","Stock - Beef, White","Halibut - Whole, Fresh",18,2,1,490,4
"Wine - Red, Mouton Cadet",Garbage Bags - Clear,Bacardi Limon,Tomatillo,77,5,1,111,1
Mountain Dew,"Pasta - Rotini, Dry",Ice Cream - Super Sandwich,Cookies Oatmeal Raisin,76,7,1,391,2
Radish,Vodka - Smirnoff,"Pepper - White, Ground",Tea - Mint,12,6,1,355,3
Butter Balls Salted,Shrimp - 31/40,Shiratamako - Rice Flour,"Beef - Ox Tail, Frozen",86,3,1,47,2
Potato - Sweet,Lettuce - Radicchio,"Salsify, Organic",Miso - Soy Bean Paste,30,1,1,156,4
Cookies - Englishbay Wht,Creme De Cacao Mcguines,"Soup - Knorr, Chicken Gumbo",Vinegar - Rice,61,2,1,491,3
Apron,"Coconut - Shredded, Sweet",Lettuce - Iceberg,Truffle Cups - Brown,12,8,1,146,4
Yoplait - Strawbrasp Peac,Grand Marnier,Wine - Semi Dry Riesling Vineland,"Pork - Loin, Bone - In",42,3,1,350,4
Wine - Magnotta - Cab Sauv,Chinese Lemon Pork,V8 Pet,Oyster - In Shell,10,3,1,495,4
"Ice - Clear, 300 Lb For Carving",Yeast Dry - Fleischman,Bols Melon Liqueur,Potatoes - Mini Red,57,8,1,243,4
Scallop - St. Jaques,Pate Pans Yellow,Pepper - Chili Powder,"Veal - Inside Round / Top, Lean",62,7,1,60,1
Filter - Coffee,Bread - Olive,"Juice - Apple, 341 Ml",Rice - Sushi,65,10,1,363,1
"Pasta - Elbows, Macaroni, Dry","Pasta - Cannelloni, Sheets, Fresh",Pastry - Banana Muffin - Mini,Compound - Strawberry,37,3,1,271,1
Cardamon Ground,Beef Flat Iron Steak,Tomatoes,Muffin Mix - Raisin Bran,37,8,1,392,4
"Bread - Pita, Mini","Mushrooms - Black, Dried",Soup - French Onion,Tea - Earl Grey,93,8,1,384,3
Liqueur - Melon,"Doilies - 12, Paper",Oyster - In Shell,Milk - 2% 250 Ml,9,7,1,48,4
Chutney Sauce,Nantucket Orange Juice,Beer - Moosehead,Melon - Watermelon Yellow,32,2,1,272,1
Peach - Halves,"Mushroom - Enoki, Fresh","Pork - Bacon, Double Smoked",Jicama,3,2,1,145,3
Huck Towels White,Pastry - Carrot Muffin - Mini,"Soup - Beef, Base Mix",Wine La Vielle Ferme Cote Du,61,5,1,482,1
Salad Dressing,Squash - Acorn,Ginger - Ground,"Shrimp - 16/20, Iqf, Shell On",90,5,1,199,3
"Salmon - Atlantic, No Skin",Foam Cup 6 Oz,Wine - Savigny - Les - Beaune,Steampan - Lid For Half Size,18,9,1,188,3
Banana Turning,"Napkin - Dinner, White",Rabbit - Saddles,"Bread - Bagels, Mini",7,10,1,221,4
Wine - Ice Wine,Filling - Mince Meat,"Lid - High Heat, Super Clear",Tamarillo,29,5,1,491,2
Chocolate - Unsweetened,Tea - Camomele,Milk - Buttermilk,Creme De Banane - Marie,84,2,1,189,3
Beef Dry Aged Tenderloin Aaa,Shrimp - Tiger 21/25,Tomatoes - Cherry,Sauce - Salsa,80,8,1,173,1
"Beef - Bones, Marrow",Cake - French Pear Tart,"Yeast - Fresh, Fleischman",Pie Box - Cello Window 2.5,39,7,1,56,3
Cookies Cereal Nut,Veal - Heart,Container Clear 8 Oz,"Asparagus - Green, Fresh",51,8,1,121,4
Jicama,"Rice Pilaf, Dry,package",Tequila Rose Cream Liquor,Longos - Assorted Sandwich,90,8,1,39,1
Spice - Paprika,Dc Hikiage Hira Huba,Lemon Tarts,Sultanas,27,9,1,384,3
"Brandy - Orange, Mc Guiness",Cup - 4oz Translucent,Lid Tray - 12in Dome,"Vermouth - Sweet, Cinzano",84,4,1,162,4
Soup - Campbells - Tomato,Kolrabi,Oats Large Flake,Sprouts - Bean,61,2,1,350,3
Miso - Soy Bean Paste,Spring Roll Wrappers,Contreau,Tomatoes Tear Drop,27,7,1,369,3
Pastry - Carrot Muffin - Mini,Beans - French,Cake - Cheese Cake 9 Inch,"Ecolab - Orange Frc, Cleaner",25,10,1,22,3
Flour - Strong Pizza,Cheese - Le Cru Du Clocher,Onions - Red Pearl,Pork - Smoked Kassler,26,10,1,486,4
Appetizer - Asian Shrimp Roll,Passion Fruit,Muffin - Blueberry Individual,Taro Root,98,9,1,382,1
Sachet,Vanilla Beans,"Wine - Red, Antinori Santa",Cream - 35%,5,6,1,175,2
Wine - Lou Black Shiraz,Ocean Spray - Kiwi Strawberry,Jolt Cola,Wine - Prem Select Charddonany,26,8,1,56,3
Beets - Mini Golden,Chocolate - Milk,Muffin Mix - Morning Glory,Currants,1,2,1,287,1
Sardines,Chicken - Base,Buttons,"Chilli Paste, Sambal Oelek",53,10,1,492,2
Scallops - In Shell,"Nut - Chestnuts, Whole",Muffin Carrot - Individual,"C - Plus, Orange",23,5,1,476,2
Plastic Wrap,Cabbage Roll,"Pesto - Primerba, Paste","Tart Shells - Barquettes, Savory",92,6,1,227,4
Sauce - Sesame Thai Dressing,"Pail - 15l White, With Handle",Cumin - Ground,Frangelico,58,6,1,435,4
Bagels Poppyseed,Worcestershire Sauce,Wine - Dubouef Macon - Villages,Dry Ice,22,4,1,232,1
"Shrimp, Dried, Small / Lb",Bread Base - Gold Formel,Lamb - Loin Chops,Spring Roll Veg Mini,5,4,1,44,1
Food Colouring - Green,Soup - Verve - Chipotle Chicken,Orange Roughy 6/8 Oz,Sugar - Individual Portions,45,1,1,348,4
Garam Marsala,Cattail Hearts,Relish,Wakami Seaweed,84,3,1,264,1
Marjoram - Fresh,"Ranchero - Primerba, Paste",Cheese - Swiss,Neckerchief Blck,55,9,1,475,3
Pork - Side Ribs,"Soup - French Onion, Dry",Chocolate Bar - Oh Henry,Pork - Back Ribs,39,1,1,419,4
Oil - Grapeseed Oil,Peppercorns - Pink,Vanilla Beans,Cookie Chocolate Chip With,37,2,1,303,4
Salmon Steak - Cohoe 6 Oz,Carroway Seed,Cheese - Cheddar With Claret,Kolrabi,95,10,1,6,3
Barley - Pearl,Schnappes Peppermint - Walker,Wine - Montecillo Rioja Crianza,Lobster - Canned Premium,5,4,1,32,1
Cornstarch,Snapple - Mango Maddness,Sprouts Dikon,Juice - Lagoon Mango,87,5,1,288,1
"Tart Shells - Savory, 4","Mushroom - Oyster, Fresh","Beans - Turtle, Black, Dry",Oats Large Flake,67,4,1,155,3
Bowl 12 Oz - Showcase 92012,Taro Leaves,Chips - Miss Vickies,Chicken - Leg / Back Attach,9,5,1,445,3
"Soup - Knorr, French Onion",Pastry - Lemon Danish - Mini,Cake - Mini Potato Pancake,Quinoa,33,8,1,432,1
Pepperoni Slices,Apron,Sausage - Meat,Wine - Shiraz South Eastern,30,3,1,464,1
Wine - Chianti Classico Riserva,Puff Pastry - Sheets,Wine - Crozes Hermitage E.,"Wine - Red, Cooking",4,4,1,309,1
"Placemat - Scallop, White",Chocolate Liqueur - Godet White,Okra,Soup - Verve - Chipotle Chicken,2,3,1,118,3
Bamboo Shoots - Sliced,Cheese - Brick With Onion,Mcgillicuddy Vanilla Schnap,Extract - Rum,99,8,1,16,1
Oil - Peanut,Lettuce - Lambs Mash,Lamb Rack - Ontario,Pheasants - Whole,50,9,1,479,2
"Pork - Loin, Boneless",Cranberries - Frozen,Pie Filling - Pumpkin,Soap - Mr.clean Floor Soap,52,4,1,362,3
Oven Mitts - 15 Inch,Puree - Mango,Everfresh Products,Seabream Whole Farmed,82,5,1,365,3
Wiberg Super Cure,"Mushroom - Morels, Dry",Jerusalem Artichoke,Beets,96,9,1,235,4
Ham - Cooked Bayonne Tinned,"Pineapple - Canned, Rings","Hickory Smoke, Liquid",Veal - Slab Bacon,6,6,1,464,2
Raspberries - Frozen,Avocado,Bread - 10 Grain Parisian,Wine - Peller Estates Late,60,3,1,45,1
Beer - Steamwhistle,"Mushroom - Shitake, Fresh",Soup - Cream Of Potato / Leek,Taro Root,23,4,1,366,2
Wine - Blue Nun Qualitatswein,"Chilli Paste, Ginger Garlic",Muffin Batt - Carrot Spice,Wine - Chianti Classico Riserva,63,3,1,327,4
Cookies - Englishbay Chochip,Couscous,Wine - Gato Negro Cabernet,Ice Cream - Strawberry,45,8,1,113,4
Coffee - Hazelnut Cream,Lamb - Shanks,"Rosemary - Primerba, Paste","Hickory Smoke, Liquid",16,1,1,223,4
"Bread - Sticks, Thin, Plain",Beef - Rib Eye Aaa,"Apple - Delicious, Red",Wine - Prosecco Valdobiaddene,70,8,1,84,2
Sauce - Oyster,Soup Campbells - Italian Wedding,Tomato - Peeled Italian Canned,"Rum - Coconut, Malibu",46,4,1,427,1
Pie Shells 10,Roe - White Fish,Pasta - Cheese / Spinach Bauletti,"Liqueur Banana, Ramazzotti",92,3,1,5,4
Sole - Iqf,"Mushrooms - Black, Dried","Beans - Black Bean, Canned",Cup - 4oz Translucent,87,10,1,375,3
Pepsi - 600ml,Lettuce - California Mix,"Wine - Red, Antinori Santa","Wine - Red, Gallo, Merlot",64,3,1,190,4
Longos - Grilled Chicken With,Kellogs Special K Cereal,"Chilli Paste, Ginger Garlic",Mustard - Pommery,78,3,1,216,2
Sorrel - Fresh,Wine - Gato Negro Cabernet,Cheese - Comte,Muffin Mix - Raisin Bran,61,10,1,132,2
Bread - Sour Sticks With Onion,Sun - Dried Tomatoes,Wine - Soave Folonari,Coffee - Hazelnut Cream,77,3,1,175,1
Tofu - Soft,Banana - Green,Marjoram - Fresh,Hold Up Tool Storage Rack,23,2,1,29,2
Pork - Backfat,Shark - Loin,Bacon Strip Precooked,Lettuce - Iceberg,71,4,1,328,2
Peas - Frozen,Fruit Mix - Light,Pea - Snow,"Water - Mineral, Carbonated",60,7,1,418,4
Wine - Magnotta - Pinot Gris Sr,Cheese Cheddar Processed,Tandoori Curry Paste,"Wine - Bourgogne 2002, La",23,3,1,118,2
Buffalo - Short Rib Fresh,Container - Foam Dixie 12 Oz,Truffle - Whole Black Peeled,Cheese - Brick With Onion,56,1,1,434,1
Wine - Bouchard La Vignee Pinot,Table Cloth 90x90 Colour,"Lamb - Loin, Trimmed, Boneless","Coconut - Shredded, Unsweet",42,6,1,25,2
Wine - Casablanca Valley,Cheese - Cream Cheese,Bread - Rye,Bacardi Breezer - Tropical,94,10,1,87,1
Soupfoamcont12oz 112con,Pepper - Orange,Soup Campbells,Cheese - Mix,87,1,1,494,1
Juice - Ocean Spray Kiwi,Wiberg Cure,Fish - Bones,Lamb - Whole Head Off,100,5,1,362,2
Curry Powder,Phyllo Dough,Relish,Bread - Pumpernickel,42,5,1,107,1
Pineapple - Golden,Tart - Butter Plain Squares,Mustard - Pommery,Brandy Apricot,34,10,1,389,1
Eel - Smoked,Cheese - Swiss Sliced,Nantucket - 518ml,"Turkey - Breast, Boneless Sk On",46,7,1,279,2
Shrimp - Prawn,Eggplant - Asian,Yogurt - French Vanilla,"Cup - 3.5oz, Foam",12,10,1,25,1
Beer - Sleemans Honey Brown,Pastry - Trippleberry Muffin - Mini,"Tart Shells - Sweet, 2",Wine - Sicilia Igt Nero Avola,99,9,1,330,1
Nestea - Iced Tea,Sambuca Cream,Aspic - Light,Filter - Coffee,24,6,1,223,1
Beef - Salted,Cheese - Stilton,Canadian Emmenthal,"Pepper - Paprika, Spanish",7,4,1,343,3
"Mushroom - Morels, Dry","Nut - Pecan, Halves",Lemonade - Pineapple Passion,Oil - Canola,56,10,1,249,4
Rice - Aborio,Plaintain,Cheese - Stilton,Truffle - Peelings,15,8,1,490,1
Anchovy Fillets,Wine - Ej Gallo Sierra Valley,Chocolate - Dark Callets,Sorrel - Fresh,23,5,1,195,3
Papayas,Trueblue - Blueberry 12x473ml,Ecolab Crystal Fusion,"Artichokes - Knobless, White",40,8,1,446,3
Cheese - Cheddar With Claret,Wine - Maipo Valle Cabernet,Bread - Kimel Stick Poly,Milk 2% 500 Ml,72,8,1,12,4
Sauce - Rosee,"Brownies - Two Bite, Chocolate",Chips Potato Salt Vinegar 43g,Wonton Wrappers,1,9,1,469,2
Mustard - Seed,Canada Dry,Cookies Almond Hazelnut,Table Cloth 72x144 White,10,10,1,367,1
Wine - Soave Folonari,Beef - Top Sirloin - Aaa,Eggs - Extra Large,Soup - Verve - Chipotle Chicken,7,4,1,413,3
Wine - Kwv Chenin Blanc South,Sausage - Breakfast,Devonshire Cream,Horseradish - Prepared,49,10,1,50,1
"Cherries - Bing, Canned",Wanton Wrap,"Flour - Corn, Fine",Food Colouring - Pink,36,3,1,120,1
Chocolate - Mi - Amere Semi,Coriander - Ground,Compound - Strawberry,Island Oasis - Strawberry,73,2,1,304,1
Mudslide,Stainless Steel Cleaner Vision,Table Cloth 53x69 White,Flavouring Vanilla Artificial,26,3,1,286,3
"Cheese - Cheddar, Mild","Pepper - Black, Whole","Juice - Apple, 1.36l",Pork - Smoked Kassler,90,1,1,281,4
Barramundi,Figs,Truffle - Whole Black Peeled,"Beef - Ground, Extra Lean, Fresh",99,8,1,384,3
Flour - Pastry,"Soup - Campbells, Butternut","Chilli Paste, Hot Sambal Oelek","Juice - Cranberry, 341 Ml",45,5,1,97,2
Wine - Kwv Chenin Blanc South,"Plate - Foam, Bread And Butter",Couscous,Flavouring Vanilla Artificial,4,1,1,72,4
Red Cod Fillets - 225g,"Apple - Delicious, Golden",Tuna - Sushi Grade,Juice - Mango,6,2,1,111,3
"Lamb - Leg, Bone In",Oranges,Jello - Assorted,Worcestershire Sauce,64,8,1,377,2
Banana - Green,Spinach - Spinach Leaf,Sprouts - China Rose,Veal - Striploin,40,8,1,247,1
"Turkey - Whole, Fresh",Eggplant Oriental,Wine - Soave Folonari,Cake Sheet Combo Party Pack,26,6,1,259,1
Vodka - Moskovskaya,Bread - English Muffin,Napkin Colour,Wine - Magnotta - Belpaese,12,5,1,83,2
Olives - Morracan Dired,Piping Jelly - All Colours,Rice - Aborio,Wine - Magnotta - Cab Sauv,87,7,1,234,2
"Pepper - Black, Whole",Beer - Labatt Blue,"Lid - High Heat, Super Clear",Cardamon Ground,35,8,1,400,3
"Potatoes - Purple, Organic","Cheese - Romano, Grated","Coconut - Shredded, Unsweet",Swiss Chard - Red,64,3,1,137,3
Cheese - Cream Cheese,Icecream - Dstk Super Cone,Sponge Cake Mix - Chocolate,Longos - Chicken Caeser Salad,30,10,1,141,2
Cheese Cheddar Processed,"Quail - Whole, Boneless",Papayas,Rice - Jasmine Sented,28,7,1,454,1
Rice Wine - Aji Mirin,"Wine - White, Pelee Island",Scallops - Live In Shell,Chocolate Eclairs,45,2,1,132,2
Veal - Nuckle,Seedlings - Clamshell,Vinegar - Balsamic,Clams - Canned,29,10,1,138,2
Truffle Cups - Red,Cheese - Shred Cheddar / Mozza,"Sauce - Bernaise, Mix",Chicken - Whole Fryers,39,7,1,127,1
Prunes - Pitted,Onions Granulated,Country Roll,Lettuce - Treviso,86,2,1,254,1
Cake - Mini Cheesecake,The Pop Shoppe - Black Cherry,White Baguette,Pastry - Trippleberry Muffin - Mini,15,8,1,224,4
"Olives - Green, Pitted",Chocolate Eclairs,Coconut Milk - Unsweetened,Curry Paste - Madras,30,7,1,396,2
"Bread - White, Unsliced",Bread - Sour Sticks With Onion,Nantucket - Kiwi Berry Cktl.,Longos - Greek Salad,3,3,1,420,2
"Doilies - 12, Paper",Appetizer - Assorted Box,Wine - Fontanafredda Barolo,Fork - Plastic,76,8,1,54,2
Pork Casing,Tequila Rose Cream Liquor,Spinach - Baby,Ginger - Crystalized,39,3,1,42,4
Leeks - Large,"Sauce - Apple, Unsweetened",Tofu - Soft,Vodka - Moskovskaya,21,2,1,494,2
"Shrimp - 16 - 20 Cooked, Peeled",Bowl 12 Oz - Showcase 92012,Smirnoff Green Apple Twist,Baking Powder,44,2,1,44,1
Wine - Fontanafredda Barolo,Pie Shells 10,Shrimp - Black Tiger 13/15,Nutmeg - Ground,42,7,1,215,2
Schnappes Peppermint - Walker,Soup - Campbells Chili Veg,Ecolab - Solid Fusion,Olive - Spread Tapenade,63,10,1,19,2
Onions - Red Pearl,Veal - Nuckle,"Tart Shells - Savory, 3","Cup - 3.5oz, Foam",7,6,1,43,4
Bread Crumbs - Japanese Style,Beef Flat Iron Steak,Island Oasis - Mango Daiquiri,Honey - Lavender,16,7,1,59,1
Corn Shoots,Cranberries - Frozen,Beef - Top Sirloin,Appetizer - Cheese Bites,26,7,1,37,4
Pepsi - 600ml,"Liners - Banana, Paper",Pastry - Banana Muffin - Mini,Beef - Ground Lean Fresh,13,6,1,323,1
Juice Peach Nectar,Ham - Proscuitto,Monkfish - Fresh,Crackers - Water,18,6,1,259,3
Yokaline,"Jam - Strawberry, 20 Ml Jar","Rum - Light, Captain Morgan",Soup - Verve - Chipotle Chicken,33,1,1,395,4
Wine - Bouchard La Vignee Pinot,Jello - Assorted,Toamtoes 6x7 Select,Salmon Atl.whole 8 - 10 Lb,35,10,1,51,4
Cookie Double Choco,Bread - Bistro White,"Cod - Salted, Boneless",Soup - Campbells Beef Stew,49,2,1,480,2
Sauce - Ranch Dressing,Dc Hikiage Hira Huba,Raspberries - Fresh,"Pasta - Lasagne, Fresh",96,6,1,497,1
Soup - Campbells Bean Medley,Sauce - Balsamic Viniagrette,Cheese - Brick With Pepper,Magnotta - Bel Paese White,38,2,1,269,4
Jack Daniels,Flour - Chickpea,Crab - Soft Shell,"Pork - Tenderloin, Fresh",19,3,1,428,2
"Chocolate - Semi Sweet, Calets",Shallots,Tart - Pecan Butter Squares,"Beans - Black Bean, Preserved",92,2,1,413,3
Soup - Campbells - Chicken Noodle,"Cup - 6oz, Foam",Flour - Whole Wheat,"Bread - Bagels, Plain",99,7,1,244,1
"Olives - Green, Pitted","Crab - Dungeness, Whole",Bread - Olive,"Turkey - Breast, Bone - In",10,3,1,188,1
Wine - Black Tower Qr,Onions - Vidalia,Vinegar - White,"Roe - Lump Fish, Black",62,3,1,104,2
Muffin - Mix - Strawberry Rhubarb,Cranberries - Dry,Crackers - Soda / Saltins,Wine - Prosecco Valdobiaddene,72,8,1,299,3
Cake - Night And Day Choclate,Bandage - Fexible 1x3,Pur Source,Oil - Sesame,7,9,1,118,3
Energy Drink Bawls,Hipnotiq Liquor,"Potatoes - Yukon Gold, 80 Ct",Hipnotiq Liquor,19,7,1,20,3
Cookies - Assorted,"Champagne - Brights, Dry",Cheese - Gouda,"Beef - Bones, Marrow",66,1,1,285,4
"Rum - Dark, Bacardi, Black",Ham - Cooked,Cookie - Oatmeal,Cauliflower,84,6,1,98,4
Chocolate Bar - Reese Pieces,Sauce - Chili,Mushroom - Crimini,Mayonnaise - Individual Pkg,82,1,1,87,1
Cookie Dough - Chunky,Broom - Push,"Wine - Magnotta, Merlot Sr Vqa",Paper Cocktail Umberlla 80 - 180,87,6,1,447,2
Soup Bowl Clear 8oz92008,"Oranges - Navel, 72",Garlic - Peeled,"Pasta - Lasagna, Dry",89,7,1,316,3
Flower - Daisies,Eel - Smoked,Tobasco Sauce,Broccoli - Fresh,26,2,1,334,2
Tumeric,Pastry - Butterscotch Baked,"Coke - Diet, 355 Ml",Langers - Mango Nectar,89,4,1,440,1
"Octopus - Baby, Cleaned",Lamb - Ground,"Peas - Pigeon, Dry",Milk - Buttermilk,96,1,1,5,3
Mackerel Whole Fresh,Muffin Batt - Ban Dream Zero,Orange - Blood,Ice Cream - Vanilla,88,4,1,286,2
Flower - Commercial Spider,"Bread - Bagels, Plain",Port - 74 Brights,Bread Bowl Plain,27,8,1,359,2
Steampan - Foil,Lamb - Shoulder,"Octopus - Baby, Cleaned",Lettuce - Iceberg,50,5,1,120,4
Peppercorns - Pink,Muffin Mix - Corn Harvest,Pear - Prickly,Broom And Brush Rack Black,18,3,1,134,3
Eggplant - Asian,Wine - Chablis 2003 Champs,Swordfish Loin Portions,Peas - Frozen,100,10,1,339,4
Oven Mitts - 15 Inch,Apple - Custard,"Pasta - Spaghetti, Dry",Beef Dry Aged Tenderloin Aaa,3,7,1,102,3
Water - San Pellegrino,"Napkin - Beverge, White 2 - Ply",Mushroom - Lg - Cello,Appetiser - Bought,71,1,1,118,2
"Rice Pilaf, Dry,package","Cake Circle, Paprus",Wine - Magnotta - Belpaese,V8 Splash Strawberry Banana,13,10,1,406,1
Island Oasis - Sweet And Sour Mix,Bar - Sweet And Salty Chocolate,Aspic - Amber,Wine - Trimbach Pinot Blanc,75,5,1,15,3
The Pop Shoppe - Black Cherry,Sachet,Coffee Beans - Chocolate,Salt - Table,8,5,1,264,3
"Coffee - Beans, Whole",Wine - Chateau Timberlay,Tofu - Firm,Lettuce - Iceberg,29,2,1,81,2
Beef - Shank,Beans - Fine,Sugar - Brown,Bread Base - Toscano,23,3,1,485,4
Wine - Zonnebloem Pinotage,Potatoes - Yukon Gold 5 Oz,Meldea Green Tea Liquor,Pizza Pizza Dough,89,4,1,74,3
Silicone Paper 16.5x24,Kippers - Smoked,Beans - Soya Bean,"Leeks - Baby, White",73,9,1,453,4
Grapes - Red,"Juice - Tomato, 10 Oz",Water - Aquafina Vitamin,Tomatoes Tear Drop Yellow,57,5,1,459,3
"Pork - Ham, Virginia",Squeeze Bottle,Sour Cream,Venison - Racks Frenched,48,1,1,412,3
Wine - Fat Bastard Merlot,Bar Mix - Lemon,Squid Ink,Broom And Brush Rack Black,69,6,1,42,2
Table Cloth 72x144 White,Cheese - Grana Padano,Lettuce - Spring Mix,Bagel - Everything,39,10,1,425,3
Apron,Ice Cream Bar - Drumstick,Cheese - Asiago,Onions - Red,56,7,1,473,2
Pickerel - Fillets,Bread - Dark Rye,Grapes - Red,Ecolab - Solid Fusion,24,4,1,351,4
Hipnotiq Liquor,Berry Brulee,Juice - Prune,Appetizer - Lobster Phyllo Roll,32,8,1,239,4
Blueberries,Chocolate - Liqueur Cups With Foil,Pail With Metal Handle 16l White,"Pork - Loin, Bone - In",47,6,1,344,4
Wine - Piper Heidsieck Brut,Foil - 4oz Custard Cup,V8 Pet,Wine - Conde De Valdemar,93,5,1,109,4
"Soup - Knorr, Ministrone",Lotus Rootlets - Canned,Beer - True North Strong Ale,Hagen Daza - Dk Choocolate,80,3,1,116,3
"Pepper - Black, Crushed",Beer - Rickards Red,Momiji Oroshi Chili Sauce,Squid - Breaded,7,8,1,1,1
"Olives - Black, Pitted",Croissants Thaw And Serve,Capicola - Hot,Green Tea Refresher,75,5,1,367,1
Wine - Touraine Azay - Le - Rideau,Tomatoes - Cherry,Longos - Chicken Wings,Bar Special K,17,6,1,462,2
Taro Leaves,Squid U5 - Thailand,Pastry - Baked Scones - Mini,"Rice Pilaf, Dry,package",22,1,1,160,3
Oil - Peanut,Tomatoes - Cherry,Lid Coffeecup 12oz D9542b,Pepper - Green Thai,89,2,1,84,2
Sachet,"Pasta - Tortellini, Fresh",Lemons,Bread - Corn Muffaleta Onion,53,4,1,345,4
Bread - Italian Corn Meal Poly,Pomegranates,Flower - Carnations,"Roe - Lump Fish, Red",47,9,1,70,1
Daves Island Stinger,"Wine - White, Ej","Wine - White, Lindemans Bin 95",Container - Clear 32 Oz,59,9,1,413,2
Icecream - Dstk Strw Chseck,Bread - Flat Bread,Chivas Regal - 12 Year Old,Chicken - Soup Base,46,6,1,260,3
Muffin Batt - Choc Chk,"Salmon - Atlantic, Skin On",Baking Powder,Chevril,46,3,1,388,4
Flour - Bread,"Lamb - Racks, Frenched",Carbonated Water - Orange,"Wine - Red, Gallo, Merlot",79,5,1,416,3
Appetizer - Shrimp Puff,"Soup - Cream Of Broccoli, Dry","Beef - Ground, Extra Lean, Fresh",Tomato - Plum With Basil,48,4,1,5,3
"Lemonade - Mandarin, 591 Ml",Cranberries - Frozen,Vinegar - Cider,"Pepper - Paprika, Spanish",21,2,1,292,2
Pheasants - Whole,Croissants Thaw And Serve,Goulash Seasoning,Wine - Prosecco Valdobiaddene,28,3,1,12,4
Hold Up Tool Storage Rack,"Coconut - Shredded, Unsweet","Coconut - Shredded, Unsweet",Sage - Rubbed,51,7,1,86,3
"Soup - Knorr, Classic Can. Chili",Sausage - Chorizo,Bread Fig And Almond,"Pasta - Fett Alfredo, Single Serve",76,7,1,77,4
Tea - Vanilla Chai,Longos - Burritos,Pie Shell - 9,Artichokes - Jerusalem,97,9,1,441,4
Lettuce - Red Leaf,Flour - Chickpea,Peas Snow,Gelatine Leaves - Bulk,25,7,1,76,1
Trueblue - Blueberry 12x473ml,Salmon Steak - Cohoe 8 Oz,Pepper - Scotch Bonnet,Cheese - Pont Couvert,13,3,1,241,4
"Wine - White, Pinot Grigio","Veal - Shank, Pieces",Salt And Pepper Mix - Black,"Fish - Scallops, Cold Smoked",13,9,1,425,1
Tomatillo,Wine - Sicilia Igt Nero Avola,Caviar - Salmon,"Coffee - Colombian, Portioned",80,9,1,352,3
Bacardi Breezer - Strawberry,Pepper - Cubanelle,Wine - Penfolds Koonuga Hill,Parsley - Fresh,68,9,1,97,4
Wine - Blue Nun Qualitatswein,Croissants Thaw And Serve,Zucchini - Green,Chocolate - Milk,71,8,1,17,1
"Bread - Roll, Calabrese",Turnip - Mini,Wine - Touraine Azay - Le - Rideau,"Mushrooms - Black, Dried",99,10,1,177,3
Snapple - Mango Maddness,Compound - Passion Fruit,"Bread - Roll, Italian",Beans - French,40,4,1,351,4
Edible Flower - Mixed,Emulsifier,Kiwi Gold Zespri,Cardamon Seed / Pod,99,9,1,47,1
"Wine - Red, Black Opal Shiraz","Beef - Bones, Cut - Up",Wine - Cabernet Sauvignon,Veal - Eye Of Round,93,5,1,201,2
Dip - Tapenade,"Pasta - Cappellini, Dry",Pike - Frozen Fillet,Yeast Dry - Fermipan,39,6,1,237,1
Savory,Truffle Shells - Semi - Sweet,"Pork - Tenderloin, Frozen",Veal - Eye Of Round,41,1,1,110,2
Swiss Chard,Wine - Ruffino Chianti Classico,Wine - Tio Pepe Sherry Fino,Sorrel - Fresh,9,2,1,379,4
Cookie - Dough Variety,Dried Cranberries,Sour Cream,"Vermacelli - Sprinkles, Assorted",63,7,1,176,4
"Tabasco Sauce, 2 Oz",Oven Mitts 17 Inch,"Thyme - Lemon, Fresh",Coffee - Almond Amaretto,78,5,1,160,3
"Crab - Back Fin Meat, Canned",Chicken - Soup Base,Compound - Raspberry,"Mushroom - Enoki, Fresh",41,10,1,252,4
Bread - Bistro Sour,Pork - Liver,Goldschalger,Sauce - Sesame Thai Dressing,96,7,1,406,1
Wine - Guy Sage Touraine,"Wine - Sherry Dry Sack, William",Horseradish - Prepared,Bread - Assorted Rolls,76,6,1,238,3
Bay Leaf Ground,Appetizer - Chicken Satay,Parasol Pick Stir Stick,Oil - Safflower,54,10,1,247,4
Muffin Orange Individual,"Oil - Truffle, Black",Beef - Short Ribs,Ice Cream - Vanilla,99,1,1,448,3
Cabbage - Nappa,Lambcasing,Juice - Propel Sport,Pastry - Choclate Baked,10,7,1,143,1
Veal - Eye Of Round,Chocolate - Dark Callets,Dill Weed - Fresh,Oil - Coconut,99,4,1,465,4
Spic And Span All Purpose,"Wine - Cahors Ac 2000, Clos",Lobster - Tail 6 Oz,Cheese - Gouda,40,7,1,400,4
"Wine - Red, Mosaic Zweigelt",Pail With Metal Handle 16l White,Blackberries,Nantucket - 518ml,63,5,1,41,4
Cattail Hearts,Tart - Raisin And Pecan,Oil - Shortening - All - Purpose,Pasta - Cheese / Spinach Bauletti,44,6,1,469,2
Vaccum Bag 10x13,Wine - Cabernet Sauvignon,Nut - Macadamia,Straw - Regular,68,2,1,279,2
Wine - Riesling Dr. Pauly,Soup - Campbells Broccoli,Onions - Cippolini,Port - 74 Brights,31,5,1,411,2
Squid Ink,Pork Loin Bine - In Frenched,Squid - U 5,Mustard - Dijon,27,4,1,196,1
"Jam - Strawberry, 20 Ml Jar","Pasta - Fett Alfredo, Single Serve",Wine - Clavet Saint Emilion,Salmon Steak - Cohoe 6 Oz,73,3,1,409,4
"Mushroom - Shitake, Fresh",Cheese - La Sauvagine,Butter Sweet,Bread - 10 Grain,100,4,1,309,1
Garlic - Peeled,"Pasta - Tortellini, Fresh",Cocktail Napkin Blue,Wine - Coteaux Du Tricastin Ac,47,10,1,245,2
Sauce Bbq Smokey,Cream - 35%,Cranberries - Dry,Bread - Dark Rye,64,8,1,44,2
Beef Ground Medium,Tea - Earl Grey,Wine - Guy Sage Touraine,"Pepper - White, Ground",11,9,1,493,2
Brandy Cherry - Mcguinness,"Mushroom - Porcini, Dry",Oil - Coconut,Lidsoupcont Rp12dn,55,8,1,265,1
"Juice - Clam, 46 Oz","Sauce - Gravy, Au Jus, Mix",Clementine,Sauce - Vodka Blush,60,3,1,422,4
Pears - Bosc,Straw - Regular,"Lobster - Tail, 3 - 4 Oz",Appetizer - Crab And Brie,45,4,1,118,2
Fond - Chocolate,Papayas,Flower - Leather Leaf Fern,Tuna - Fresh,17,7,1,46,3
Oysters - Smoked,Muffin Mix - Carrot,Cafe Royale,Thyme - Dried,35,2,1,365,1
Cleaner - Comet,Napkin Colour,"Brownies - Two Bite, Chocolate",Cornflakes,23,4,1,40,2
Cheese - Pont Couvert,Bread - Corn Muffaleta Onion,Sauce Tomato Pouch,"Tea - Darjeeling, Azzura",89,5,1,292,3
Truffle Cups Green,Pepper - Gypsy Pepper,Asparagus - Frozen,Pastry - Chocolate Chip Muffin,9,3,1,201,1
Pepper - Cayenne,Island Oasis - Cappucino Mix,Soup - French Can Pea,Wine - Two Oceans Cabernet,25,9,1,406,3
Milk 2% 500 Ml,Figs,Crackers Cheez It,"Soup - Beef Conomme, Dry",72,4,1,75,2
Liqueur - Melon,Vaccum Bag - 14x20,Garam Masala Powder,"Syrup - Monin, Amaretta",30,2,1,313,3
Yukon Jack,"Juice - Grapefruit, 341 Ml","Salsify, Organic",Bread Fig And Almond,62,10,1,54,1
Apricots Fresh,"Wine - Magnotta - Red, Baco",Foil - Round Foil,Bar - Granola Trail Mix Fruit Nut,79,3,1,431,4
Pork - Bones,Wine - Piper Heidsieck Brut,Ham - Cooked Bayonne Tinned,"Bread - Roll, Calabrese",52,2,1,139,2
Cognac - Courvaisier,Pork Salted Bellies,Shopper Bag - S - 4,Muffin - Banana Nut Individual,74,7,1,205,1
Cheese - Parmigiano Reggiano,Bread - Rye,Soap - Mr.clean Floor Soap,Cheese - Comte,30,6,1,145,2
Godiva White Chocolate,Rice - Aborio,Honey - Liquid,Water - Spring Water 500ml,29,7,1,79,2
Wild Boar - Tenderloin,Pickerel - Fillets,Grapes - Black,Potatoes - Yukon Gold 5 Oz,50,5,1,101,3
Veal - Loin,"Beef - Tongue, Fresh",Pastry - Banana Muffin - Mini,"Veal - Inside Round / Top, Lean",63,9,1,55,3
Sausage - Meat,"Wine - Harrow Estates, Vidal",Soup - Boston Clam Chowder,Wine - Pinot Noir Pond Haddock,59,9,1,78,2
Bread - Corn Muffaletta,Pork - Back Ribs,Energy Drink,Table Cloth 144x90 White,59,7,1,377,2
"Wine - White, Colubia Cresh",Tofu - Firm,"Lid - Translucent, 3.5 And 6 Oz",Muffin Mix - Morning Glory,68,6,1,67,1
Juice - Ocean Spray Cranberry,Cloves - Ground,Basil - Thai,Wine - Puligny Montrachet A.,20,3,1,169,4
"Bread - Multigrain, Loaf",Chocolate - Milk,Beer - Heinekin,"Bread - Crumbs, Bulk",61,2,1,466,1
Bols Melon Liqueur,Calypso - Lemonade,Soupfoamcont12oz 112con,Nori Sea Weed,49,8,1,186,3
Bulgar,Chicken - Tenderloin,Browning Caramel Glace,Icecream - Dstk Cml And Fdg,60,10,1,134,1
"Shrimp, Dried, Small / Lb",Bread - Wheat Baguette,Tea - Apple Green Tea,"Chocolate - Semi Sweet, Calets",93,6,1,238,2
Wine - Chateau Aqueria Tavel,Bagel - Plain,Country Roll,Bag - Clear 7 Lb,14,6,1,112,2
Foil Wrap,Sesame Seed Black,"Leeks - Baby, White",Rabbit - Whole,53,6,1,54,3
Oil - Sunflower,"Cup - 3.5oz, Foam",Muffin Carrot - Individual,Dates,81,8,1,235,3
"Trout - Hot Smkd, Dbl Fillet","Wine - Red, Mosaic Zweigelt",Compound - Passion Fruit,Oranges,91,9,1,270,1
Tart - Raisin And Pecan,"Water - Mineral, Natural",Sorrel - Fresh,Lighter - Bbq,37,4,1,28,2
Lemon Pepper,"Soup - Campbells, Chix Gumbo",Wine - Ruffino Chianti,Veal - Osso Bucco,3,10,1,9,1
"Lamb - Whole Head Off,nz","Soup - Knorr, Chicken Noodle",Bread - Pumpernickel,Pancetta,78,7,1,477,2
Ecolab - Balanced Fusion,Pepper - Gypsy Pepper,Pheasants - Whole,Mikes Hard Lemonade,62,10,1,383,4
"Wine - Red, Lurton Merlot De",Table Cloth 54x72 White,Scallops - 10/20,Seedlings - Clamshell,57,5,1,471,4
Pasta - Cheese / Spinach Bauletti,Bread - Sour Sticks With Onion,Beer - Muskoka Cream Ale,Cheese - Sheep Milk,44,4,1,494,2
"Chicken - Thigh, Bone In",Cinnamon Buns Sticky,Bagelers - Cinn / Brown Sugar,Veal - Liver,40,8,1,167,1
Beef Cheek Fresh,Pepper - Gypsy Pepper,"Water - Mineral, Natural",Truffle Cups - White Paper,1,6,1,101,4
"Lamb - Shoulder, Boneless",Soup - Campbells Bean Medley,Rye Special Old,Cocoa Butter,59,6,1,206,1
Hinge W Undercut,"Juice - Apple, 500 Ml",Soap - Mr.clean Floor Soap,Beef - Texas Style Burger,12,10,1,417,1
Ginger - Fresh,"Zucchini - Mini, Green",Pear - Asian,Energy Drink Red Bull,64,2,1,352,1
Wiberg Cure,"Juice - Tomato, 48 Oz",Isomalt,Bar Mix - Lime,89,10,1,317,2
Mangoes,Longos - Grilled Chicken With,Nectarines,Beer - Paulaner Hefeweisse,5,8,1,82,4
Halibut - Fletches,Sauce - Ranch Dressing,"Bread - Bagels, Plain",Alize Gold Passion,11,10,1,24,3
"Roe - Lump Fish, Red",Goat - Leg,"Asparagus - White, Canned",Beef - Shank,71,1,1,311,1
"Crab - Claws, Snow 16 - 24",Sprouts - Peppercress,Appetizer - Escargot Puff,"Pork - Ham, Virginia",19,1,1,196,1
Bread - Multigrain Oval,"Lid - High Heat, Super Clear",Wine - Black Tower Qr,Lettuce - Lolla Rosa,52,2,1,155,4
"Wine - Magnotta - Red, Baco",Foil Cont Round,Gelatine Leaves - Bulk,Rambutan,4,2,1,150,1
Sherry - Dry,Milk 2% 500 Ml,Chocolate Bar - Oh Henry,Baking Soda,45,5,1,480,2
"Pork - Bacon, Double Smoked",Soy Protein,Soup - Campbells Pasta Fagioli,Yukon Jack,84,5,1,159,3
Sobe - Liz Blizz,Pepperoni Slices,Venison - Liver,"Turnip - White, Organic",89,6,1,66,4
Fudge - Cream Fudge,Canadian Emmenthal,"Pork - Bacon, Sliced",Tomatoes - Grape,51,3,1,259,2
Pate - Cognac,"Nestea - Ice Tea, Diet",Wine - Alsace Gewurztraminer,Parsley Italian - Fresh,44,7,1,473,1
Lady Fingers,Tea - Camomele,Haggis,Salmon Steak - Cohoe 8 Oz,73,3,1,187,1
Wine - Prosecco Valdobiaddene,Arctic Char - Fillets,Pork - Suckling Pig,Garlic - Elephant,57,5,1,73,1
Arizona - Plum Green Tea,Cake Slab,"Chocolate - Pistoles, White","Juice - V8, Tomato",77,5,1,78,2
Juice Peach Nectar,Wine - Ej Gallo Sonoma,"Beans - Black Bean, Preserved","Oil - Truffle, White",6,2,1,25,4
Sprouts - Corn,Bread - Hot Dog Buns,Bagelers,Apple - Fuji,60,10,1,195,1
"Bread - Crumbs, Bulk",Creme De Menth - White,Bandage - Finger Cots,Bay Leaf,2,4,1,426,1
Beef Tenderloin Aaa,Oil - Cooking Spray,Towels - Paper / Kraft,Coffee - 10oz Cup 92961,69,3,1,258,3
Sausage - Breakfast,Rice - Sushi,Peas - Frozen,"Wine - White, French Cross",13,3,1,315,1
Mustard - Pommery,"Beef - Tongue, Fresh",Clams - Bay,Pastry - Baked Cinnamon Stick,70,10,1,457,3
Chocolate - Liqueur Cups With Foil,Wine - Masi Valpolocell,Scallops - U - 10,"Crab - Claws, 26 - 30",67,9,1,374,3
Sauce - Marinara,Crush - Cream Soda,Island Oasis - Strawberry,"Quail - Eggs, Fresh",30,10,1,289,3
Nantucket - Pomegranate Pear,"Appetizer - Mini Egg Roll, Shrimp",Energy Drink - Franks Pineapple,Clementine,60,6,1,362,2
Cheese - Sheep Milk,"Bar Mix - Pina Colada, 355 Ml",Sterno - Chafing Dish Fuel,"Gin - Gilbeys London, Dry",98,8,1,77,1
Potatoes - Mini White 3 Oz,Foil Wrap,Soup Campbells - Italian Wedding,"Bread - Pullman, Sliced",92,10,1,277,4
Capicola - Hot,Long Island Ice Tea,Lamb - Bones,Carbonated Water - Raspberry,36,2,1,325,1
Seaweed Green Sheets,"Bag - Bread, White, Plain",Wine - Saint Emilion Calvet,Soup - Campbells Broccoli,72,6,1,265,2
"Beef - Tenderlion, Center Cut","Beans - Navy, Dry",Hold Up Tool Storage Rack,Kiwi,43,9,1,482,3
Milkettes - 2%,Emulsifier,Puree - Mocha,Puree - Kiwi,44,9,1,70,3
Wine - Cave Springs Dry Riesling,Vinegar - White,Wanton Wrap,Chocolate - Unsweetened,64,3,1,497,1
Dawn Professionl Pot And Pan,Lamb Tenderloin Nz Fr,Sprouts - Brussel,Bouillion - Fish,16,3,1,457,2
Nougat - Paste / Cream,"Lentils - Red, Dry",Extract - Almond,Appetizer - Crab And Brie,78,6,1,286,3
Wine - Beaujolais Villages,"Chicken - White Meat, No Tender",Longos - Lasagna Veg,Nutmeg - Ground,21,9,1,231,4
Pizza Pizza Dough,Yeast Dry - Fermipan,"Shrimp - Baby, Warm Water","Wine - Cahors Ac 2000, Clos",79,10,1,329,3
Hagen Daza - Dk Choocolate,Apron,Banana,Chutney Sauce,85,7,1,87,2
"Soup - French Onion, Dry",Anchovy Paste - 56 G Tube,Cake Sheet Combo Party Pack,Spinach - Baby,18,10,1,196,3
Cucumber - Pickling Ontario,Bacardi Breezer - Tropical,Swiss Chard,Muffin - Mix - Creme Brule 15l,83,3,1,435,3
Cabbage - Nappa,Bok Choy - Baby,Mace,Wine - Niagara Peninsula Vqa,37,2,1,15,2
Eggplant Oriental,Tilapia - Fillets,Tofu - Soft,Chip - Potato Dill Pickle,39,10,1,304,4
Corn - Mini,"Artichoke - Bottom, Canned","Bread - Crumbs, Bulk",Beer - True North Lager,85,4,1,262,3
"Napkin - Beverge, White 2 - Ply",Oil - Macadamia,Island Oasis - Sweet And Sour Mix,"Chilli Paste, Ginger Garlic",64,8,1,199,2
Bread Base - Gold Formel,Ham - Proscuitto,Remy Red,Calypso - Lemonade,100,9,1,64,2
Avocado,Peas Snow,"Bread - Bagels, Plain",Blackberries,79,9,1,388,3
Seedlings - Clamshell,Goat - Whole Cut,Danishes - Mini Cheese,Wine - Pinot Noir Stoneleigh,35,9,1,129,4
Venison - Liver,Compound - Raspberry,Oysters - Smoked,"Dill - Primerba, Paste",54,4,1,432,1
Jerusalem Artichoke,Muffin Orange Individual,Muffin - Mix - Strawberry Rhubarb,"Pork - Bacon, Sliced",33,2,1,400,4
"Olives - Green, Pitted",Beef - Ground Medium,"Sauce - Black Current, Dry Mix",Chicken - Leg / Back Attach,60,1,1,410,3
Tray - 16in Rnd Blk,Chocolate - White,"Chocolate - Pistoles, White","Pork - Bacon,back Peameal",92,8,1,451,4
"Pasta - Linguini, Dry",Amaretto,Silicone Paper 16.5x24,"Octopus - Baby, Cleaned",1,5,1,468,4
Foil - Round Foil,Couscous,Bandage - Finger Cots,Veal - Inside,15,3,1,424,1
Veal - Insides Provini,Basil - Fresh,Muffin Carrot - Individual,Bagel - 12 Grain Preslice,16,2,1,81,4
Steam Pan - Half Size Deep,"Wine - Niagara,vqa Reisling",Nantuket Peach Orange,"Wine - White, French Cross",8,4,1,69,4
Celery Root,Wine - Jafflin Bourgongone,Table Cloth 90x90 Colour,Coffee - Hazelnut Cream,83,8,1,1,1
Spring Roll Veg Mini,Wine - Rubyport,"Lobster - Tail, 3 - 4 Oz","Wine - Mas Chicet Rose, Vintage",77,4,1,81,4
Steampan - Foil,"Cheese - Mozzarella, Shredded",Horseradish - Prepared,Cup - 4oz Translucent,54,10,1,286,4
Marzipan 50/50,Vinegar - Tarragon,Wine - Ej Gallo Sonoma,Muffin Hinge 117n,44,5,1,370,2
Pail For Lid 1537,"Nut - Walnut, Chopped",Ketchup - Tomato,Rum - Mount Gay Eclipes,54,10,1,227,4
Compound - Raspberry,"Pork - Sausage, Medium",Blackberries,"Pasta - Fusili, Dry",10,4,1,127,2
Artichoke - Fresh,Chicken - Leg / Back Attach,"Pork - Back, Short Cut, Boneless",Appetizer - Seafood Assortment,89,8,1,153,4
Breadfruit,"Extract - Vanilla,artificial","Rum - Coconut, Malibu",Table Cloth 54x54 White,93,6,1,44,1
Longos - Penne With Pesto,Pasta - Cheese / Spinach Bauletti,Sauce - Balsamic Viniagrette,Guava,92,4,1,155,4
"Lid - Translucent, 3.5 And 6 Oz",Spinach - Spinach Leaf,Oil - Sesame,Milkettes - 2%,69,6,1,421,1
Soap - Mr.clean Floor Soap,"Bar Mix - Pina Colada, 355 Ml",Tomato Puree,Chocolate - Milk Coating,35,3,1,207,1
Bread Crumbs - Panko,Soup - Campbells Beef Stew,Steampan - Half Size Shallow,Beef Wellington,53,7,1,436,3
Octopus,Fuji Apples,Kippers - Smoked,Shrimp - Black Tiger 26/30,46,10,1,298,2
"Schnappes - Peach, Walkers",Soup Campbells - Tomato Bisque,"Sauce - Soya, Dark",Dip - Tapenade,6,3,1,33,4
"Shrimp - Baby, Cold Water",Wine - Lou Black Shiraz,Wine - Barolo Fontanafredda,"Vinegar - Balsamic, White",15,8,1,328,4
Turkey Leg With Drum And Thigh,Cookie Chocolate Chip With,Bread Sour Rolls,Coffee - Decafenated,11,3,1,454,4
Swiss Chard - Red,"Thyme - Lemon, Fresh",Beef - Ox Tongue,"Veal - Brisket, Provimi,bnls",76,9,1,341,1
Chocolate Bar - Smarties,"Bread - Rolls, Rye",Ice Cream - Strawberry,Vinegar - Champagne,32,5,1,179,3
Pork - Liver,Beef - Ground Medium,Lid - 0090 Clear,Ice Cream - Super Sandwich,73,7,1,64,3
Pie Filling - Apple,Scallops 60/80 Iqf,Appetizer - Crab And Brie,Paper Cocktail Umberlla 80 - 180,58,2,1,386,3
Longos - Penne With Pesto,Bay Leaf Ground,"Club Soda - Schweppes, 355 Ml","Soup - Knorr, Classic Can. Chili",84,6,1,32,4
Turnip - Mini,Oysters - Smoked,"Wine - Magnotta, Merlot Sr Vqa",Cheese - Taleggio D.o.p.,48,9,1,245,2
Wine - Fontanafredda Barolo,"Basil - Dry, Rubbed",Pastrami,"Octopus - Baby, Cleaned",92,2,1,298,2
Oil - Cooking Spray,Honey - Liquid,"Doilies - 8, Paper",Lettuce - Green Leaf,41,3,1,181,4
Oil - Hazelnut,Tomatoes - Cherry,"Pasta - Orzo, Dry",Salt - Table,48,5,1,462,3
Broom - Angled,Shrimp - Black Tiger 8 - 12,Pomello,Garbage Bags - Clear,52,3,1,498,4
Cheese - Parmesan Cubes,Scrubbie - Scotchbrite Hand Pad,Ham - Cooked Italian,Wine - Piper Heidsieck Brut,51,10,1,282,4
Soup Campbells Beef With Veg,Tea - Apple Green Tea,"Soup - Beef Conomme, Dry",Beef - Cow Feet Split,39,4,1,84,2
"Ice - Clear, 300 Lb For Carving",Tuna - Bluefin,Beans - Yellow,Lime Cordial - Roses,45,4,1,108,3
"Shrimp - 16/20, Peeled Deviened",Compound - Passion Fruit,"Hickory Smoke, Liquid",Salt And Pepper Mix - Black,31,7,1,224,4
Flower - Leather Leaf Fern,Ecolab - Hobart Upr Prewash Arm,Clam - Cherrystone,Cheese Cloth,78,6,1,362,3
Tomatoes - Roma,Muffin Mix - Blueberry,Icecream - Dstk Strw Chseck,Muffin Mix - Chocolate Chip,59,7,1,281,3
Red Pepper Paste,"Pork - Bacon,back Peameal",Tuna - Bluefin,Gatorade - Fruit Punch,35,2,1,469,2
Aspic - Clear,Wine - Domaine Boyar Royal,Oil - Canola,Soup Knorr Chili With Beans,78,10,1,68,1
Beef Cheek Fresh,Bread Base - Italian,"Pork - Bacon,back Peameal",Bacardi Breezer - Tropical,52,2,1,182,1
Plaintain,Flour Dark Rye,"Wine - Red, Gallo, Merlot",Beef - Ground Lean Fresh,32,6,1,93,1
Broom - Push,Soup - Campbells Chili,Pork - Ham Hocks - Smoked,"Soda Water - Club Soda, 355 Ml",37,1,1,333,2
Cookies - Assorted,Vaccum Bag - 14x20,"Soup - Beef, Base Mix",Shrimp - 150 - 250,51,1,1,383,3
"Pepper - Red, Finger Hot",Coffee - Decaffeinato Coffee,Initation Crab Meat,"Nut - Chestnuts, Whole",34,2,1,249,3
Truffle Cups - Brown,Wine - Coteaux Du Tricastin Ac,Sprouts - Onion,Beef - Short Ribs,70,4,1,182,4
"Salmon - Atlantic, No Skin",Sugar - Individual Portions,Wine - Vouvray Cuvee Domaine,Sprouts - Peppercress,63,5,1,246,2
Juice - Cranberry 284ml,Basil - Fresh,Pumpkin - Seed,Truffle - Peelings,74,9,1,312,3
Shrimp - Black Tiger 16/20,Hold Up Tool Storage Rack,Sauce - Plum,Sprouts - Baby Pea Tendrils,22,9,1,235,1
Wine - Gewurztraminer Pierre,Currants,Chervil - Fresh,Sugar - Splenda Sweetener,78,3,1,16,1
Chutney Sauce - Mango,Cape Capensis - Fillet,Beer - Sleemans Honey Brown,"Doilies - 8, Paper",50,8,1,450,3
"Beans - Long, Chinese",Sansho Powder,Rice - Jasmine Sented,Oil - Sunflower,71,2,1,196,3
Blackberries,Curry Paste - Madras,Cape Capensis - Fillet,Kirsch - Schloss,55,5,1,320,4
Chick Peas - Dried,Table Cloth 62x120 Colour,Chips Potato Salt Vinegar 43g,Carbonated Water - Wildberry,10,3,1,273,3
Wine - Maipo Valle Cabernet,"Soup - Campbells, Beef Barley",Flavouring - Orange,Beef - Striploin,48,7,1,344,4
Chicken - Leg / Back Attach,Cheese - Montery Jack,Nantuket Peach Orange,Foam Cup 6 Oz,40,4,1,34,2
Fudge - Cream Fudge,"Chocolate - Semi Sweet, Calets",Honey - Liquid,Carbonated Water - Orange,41,7,1,395,4
Kahlua,Energy Drink,"Nut - Peanut, Roasted",Milk - Homo,8,7,1,171,4
Nougat - Paste / Cream,Bacardi Limon,True - Vue Containers,"Pail - 4l White, With Handle",21,9,1,393,3
Pur Source,"Noodles - Cellophane, Thin",Muffin Carrot - Individual,"Pasta - Spaghetti, Dry",16,9,1,70,4
Mousse - Mango,Cherries - Fresh,Wine - Vovray Sec Domaine Huet,Kirsch - Schloss,17,3,1,464,4
Appetizer - Chicken Satay,"Soup - Knorr, French Onion",Pork - Bones,Beer - Corona,42,1,1,439,3
Cookies Almond Hazelnut,"Bread - Roll, Canadian Dinner",Lid Coffee Cup 8oz Blk,Clam Nectar,97,4,1,219,4
Lady Fingers,"Mop Head - Cotton, 24 Oz","Thyme - Lemon, Fresh",Veal - Osso Bucco,94,1,1,177,1
Chick Peas - Dried,"Coconut - Shredded, Unsweet",Wine - Winzer Krems Gruner,Pastry - French Mini Assorted,5,9,1,300,4
"Lamb - Shoulder, Boneless",Flour - All Purpose,Sauce - Roasted Red Pepper,Wine - Prosecco Valdobienne,42,9,1,118,3
Coffee Beans - Chocolate,"Rice Pilaf, Dry,package",Lychee - Canned,"Lemonade - Mandarin, 591 Ml",54,2,1,432,3
Bay Leaf,Beer - Upper Canada Lager,Tea - Orange Pekoe,Calypso - Black Cherry Lemonade,9,6,1,219,2
Cheese Cloth,Onions - Red,Pasta - Fusili Tri - Coloured,Wine - Stoneliegh Sauvignon,76,1,1,31,2
Basil - Fresh,Pastry - Chocolate Chip Muffin,Spice - Peppercorn Melange,"Oil - Truffle, Black",85,8,1,72,1
"Wine - White, Ej",Molasses - Fancy,Shopper Bag - S - 4,Sauce - Oyster,46,7,1,201,3
Tea - Lemon Scented,The Pop Shoppe - Root Beer,Carrots - Mini Red Organic,"Turnip - White, Organic",42,10,1,112,4
Muffin - Banana Nut Individual,Wine - Charddonnay Errazuriz,Leeks - Large,Peach - Halves,14,6,1,292,1
Guinea Fowl,Sour Puss Raspberry,"Cheese - Woolwich Goat, Log",Jicama,25,1,1,185,3
Wine - Casablanca Valley,Urban Zen Drinks,Cut Wakame - Hanawakaba,"Cheese - Brie, Cups 125g",22,10,1,36,3
Milk - Condensed,Chinese Foods - Thick Noodles,Gatorade - Cool Blue Raspberry,"Veal - Brisket, Provimi, Bone - In",18,1,1,246,2
"Pasta - Canelloni, Single Serve",Muffin Mix - Morning Glory,Egg - Salad Premix,"Chicken - White Meat, No Tender",10,7,1,46,1
Beer - Muskoka Cream Ale,Yogurt - Plain,Tea - Green,Cleaner - Pine Sol,69,6,1,19,3
Bread Base - Gold Formel,Grapefruit - Pink,Raisin - Golden,Crab Meat Claw Pasteurise,91,9,1,456,3
Wine - Segura Viudas Aria Brut,Wine - Tribal Sauvignon,Fenngreek Seed,Pepper - Green,13,3,1,90,3
"Chilli Paste, Hot Sambal Oelek",Five Alive Citrus,Chocolate Eclairs,Cheese - St. Andre,10,1,1,348,2
Bar Bran Honey Nut,Lettuce - Spring Mix,Food Colouring - Orange,"Pepper - Paprika, Spanish",49,8,1,246,3
Wine - Cave Springs Dry Riesling,Rhubarb,Hummus - Spread,"Olives - Black, Pitted",91,8,1,238,2
Flour - Strong,Sauce - Hp,Sole - Iqf,Garam Marsala,98,4,1,429,4
"Juice - Tomato, 48 Oz",Eggplant Oriental,"Crush - Grape, 355 Ml","Lettuce - Romaine, Heart",39,5,1,303,4
Ice Cream Bar - Oreo Cone,Spinach - Baby,Wine - Coteaux Du Tricastin Ac,"Seedlings - Mix, Organic",42,10,1,393,4
"Chicken - Leg, Boneless","Salmon - Whole, 4 - 6 Pounds","Lamb - Pieces, Diced",Wine - Fume Blanc Fetzer,51,4,1,462,2
"Pasta - Tortellini, Fresh",Lobak,Cornish Hen,Beef - Rib Eye Aaa,78,2,1,21,1
Sugar - Invert,Bar Bran Honey Nut,"Onions - Dried, Chopped",Rice - Jasmine Sented,29,5,1,487,4
Cheese - Asiago,"Juice - Orange, 341 Ml",Mints - Striped Red,"Orange - Canned, Mandarin",45,9,1,84,1
"Yogurt - Blueberry, 175 Gr",Wine - Zinfandel Rosenblum,Garlic Powder,Lemons,95,3,1,325,2
Dates,Vegetable - Base,Fennel,Aspic - Light,5,8,1,13,1
Yogurt - Assorted Pack,"Cheese - Cheddar, Mild",Numi - Assorted Teas,Carbonated Water - Raspberry,31,8,1,371,1
"Chocolate - Milk, Callets",Bacon Strip Precooked,"Wine - Magnotta, Merlot Sr Vqa","Beef - Outside, Round",40,9,1,465,2
Pasta - Angel Hair,Soup - Campbells Beef Stew,Wine - Redchard Merritt,Pop - Club Soda Can,92,4,1,433,3
"Vinegar - Balsamic, White",Shrimp - Black Tiger 8 - 12,Wine - Ruffino Chianti,Carrots - Jumbo,41,4,1,228,2
Cilantro / Coriander - Fresh,Longan,Edible Flower - Mixed,Tomatoes - Orange,94,8,1,438,1
Oil - Sunflower,Tahini Paste,Lid Coffeecup 12oz D9542b,Wine - Zonnebloem Pinotage,66,3,1,20,1
"Nut - Almond, Blanched, Whole",Wine - Spumante Bambino White,"Juice - Tomato, 48 Oz",Vacuum Bags 12x16,82,5,1,25,1
Milk - 2% 250 Ml,Corn Kernels - Frozen,Corn Syrup,Wine - Redchard Merritt,100,1,1,233,4
The Pop Shoppe - Grape,"Pasta - Fettuccine, Dry",Juice - Propel Sport,"Pasta - Cannelloni, Sheets, Fresh",83,9,1,151,1
Flower - Potmums,Garam Marsala,Apples - Spartan,Sauce - Vodka Blush,99,5,1,195,2
Sauerkraut,Chocolate - Feathers,Sauce - Chili,Grapes - Green,48,8,1,131,1
Lettuce - Lolla Rosa,"Pepper - White, Whole",Turnip - Wax,"Juice - Clam, 46 Oz",41,7,1,407,1
Sprouts - Peppercress,Lotus Rootlets - Canned,"Nut - Cashews, Whole, Raw",Soap - Hand Soap,60,10,1,202,4
Glove - Cutting,"Onions - Dried, Chopped","Lid - Translucent, 3.5 And 6 Oz",Wine - Conde De Valdemar,29,8,1,369,4
Bread - Rye,"Chicken - Thigh, Bone In",Evaporated Milk - Skim,Nacho Chips,10,2,1,118,3
"Pasta - Lasagne, Fresh",Mudslide,Pastry - Cherry Danish - Mini,Five Alive Citrus,30,4,1,451,4
Beef - Ground Medium,Basil - Seedlings Cookstown,Dc - Frozen Momji,Pecan Raisin - Tarts,38,2,1,105,2
Tea - Apple Green Tea,"Yogurt - Peach, 175 Gr",Coffee - Ristretto Coffee Capsule,"Sauce - Soya, Light",93,5,1,85,3
Muffin - Zero Transfat,Plastic Wrap,Ketchup - Tomato,Milk Powder,41,4,1,246,4
Oven Mitts 17 Inch,Cheese - Perron Cheddar,Nantucket - Carrot Orange,Cheese Cloth No 100,17,1,1,132,3
Sunflower Seed Raw,Pur Value,Buttons,"Bread - Pumpernickle, Rounds",19,5,1,168,2
Apricots - Dried,Soup Campbells Turkey Veg.,Tumeric,Berry Brulee,19,6,1,143,4
Ecolab - Solid Fusion,"Napkin - Cocktail,beige 2 - Ply","Pasta - Tortellini, Fresh",Island Oasis - Raspberry,74,8,1,394,1
"Turnip - White, Organic",Blackberries,Lid - 16 Oz And 32 Oz,"Soup - Knorr, Classic Can. Chili",70,1,1,90,4
Cream - 18%,Dc - Frozen Momji,Irish Cream - Baileys,Wine - Marlbourough Sauv Blanc,59,4,1,265,2
Sauce - Caesar Dressing,Potatoes - Peeled,Herb Du Provence - Primerba,Sole - Fillet,38,8,1,341,4
Eggwhite Frozen,Lidsoupcont Rp12dn,Beef - Top Sirloin,Dasheen,57,1,1,441,1
Bagel - 12 Grain Preslice,"Pork - Tenderloin, Fresh",Pizza Pizza Dough,"Pork - Bacon, Sliced",55,1,1,161,3
Roe - Flying Fish,Pork - Hock And Feet Attached,Pastry - Mini French Pastries,Truffle Cups - White Paper,33,8,1,415,4
Tea - Decaf 1 Cup,Bread Foccacia Whole,"Lamb - Leg, Boneless",Rabbit - Whole,34,2,1,287,2
Dates,Table Cloth 62x114 White,Soup - Chicken And Wild Rice,Apples - Sliced / Wedge,69,3,1,233,4
Bread - Rye,"Rum - Cream, Amarula",Wine - Savigny - Les - Beaune,Apple - Granny Smith,100,4,1,457,2
Stock - Fish,Pie Shell - 9,Cookies Almond Hazelnut,Mcguinness - Blue Curacao,2,6,1,77,4
Pear - Packum,"Lobster - Baby, Boiled",Oven Mitts - 15 Inch,Carbonated Water - Cherry,40,4,1,436,4
Sausage - Chorizo,Wine - Chablis J Moreau Et Fils,Grenadillo,"Soup - Campbells, Beef Barley",31,4,1,463,3
Lamb Rack Frenched Australian,"Wine - Red, Mouton Cadet",Mountain Dew,Table Cloth 62x120 White,48,7,1,90,4
Lady Fingers,"Wine - Magnotta, Merlot Sr Vqa",Beef - Top Butt Aaa,Broom And Brush Rack Black,12,8,1,38,3
Tuna - Bluefin,Lobster - Cooked,Duck - Fat,Island Oasis - Lemonade,84,9,1,160,4
Soup - Cream Of Broccoli,Buffalo - Striploin,Onions - Pearl,Lettuce - Sea / Sea Asparagus,32,7,1,57,1
Cumin - Ground,Beer - Mill St Organic,Wine - Conde De Valdemar,"Hickory Smoke, Liquid",78,8,1,473,4
Duck - Whole,"Nut - Walnut, Pieces",Dasheen,Ecolab - Hobart Upr Prewash Arm,52,1,1,184,1
Chocolate Eclairs,Chick Peas - Canned,Paper Cocktail Umberlla 80 - 180,Huck White Towels,1,9,1,286,3
Coffee - Espresso,Appetizer - Shrimp Puff,Wine - Piper Heidsieck Brut,Cheese - Gouda,90,6,1,149,2
Liners - Baking Cups,Wine - Beringer Founders Estate,Ice Cream Bar - Oreo Cone,Ecolab Digiclean Mild Fm,54,8,1,45,2
Beer - Mill St Organic,Energy Drink Red Bull,Isomalt,"Beef - Tenderlion, Center Cut",41,4,1,302,4
Foil - Round Foil,Chips - Doritos,Banana,Mushroom - White Button,100,10,1,378,3
Wine - Jaboulet Cotes Du Rhone,Bread - Olive,Towel Multifold,Blackberries,83,5,1,196,1
Butter Ripple - Phillips,"Appetizer - Mini Egg Roll, Shrimp",Lemon Pepper,Chicken - Whole Fryers,55,5,1,82,2
Kellogs Cereal In A Cup,Beer - Steamwhistle,Wine - Vovray Sec Domaine Huet,Wine - Manischewitz Concord,35,6,1,351,3
"Chicken - Breast, 5 - 7 Oz",Flower - Carnations,"Turkey - Breast, Boneless Sk On",Soupcontfoam16oz 116con,19,4,1,460,1
Figs,Sage - Fresh,"Pepper - Chillies, Crushed",Island Oasis - Lemonade,95,5,1,422,1
"Bread - Roll, Soft White Round",Buffalo - Striploin,Tomatoes - Orange,Pastry - Key Limepoppy Seed Tea,45,4,1,377,1
Fireball Whisky,Sea Bass - Whole,Vinegar - White,Bacardi Breezer - Strawberry,76,5,1,48,1
"Beans - Kidney, Canned",Sultanas,Cheese - Brick With Pepper,Artichoke - Fresh,23,5,1,383,2
Flour - Semolina,Mackerel Whole Fresh,"Crab - Claws, 26 - 30",Muffin Batt - Carrot Spice,66,3,1,367,4
Turnip - Wax,Brandy Cherry - Mcguinness,Mushroom Morel Fresh,Bread - Raisin,55,1,1,444,3
Cinnamon Buns Sticky,Tray - 16in Rnd Blk,Duck - Breast,Vaccum Bag - 14x20,68,9,1,316,1
Hot Choc Vending,Mix - Cappucino Cocktail,Wine - Sogrape Mateus Rose,Honey - Comb,37,9,1,203,1
Pie Pecan,Irish Cream - Baileys,Icecream - Dstk Strw Chseck,Apron,96,4,1,406,1
Sugar - Monocystal / Rock,Wine - Savigny - Les - Beaune,Sour Puss Sour Apple,Sobe - Orange Carrot,9,8,1,321,1
"Beef - Tongue, Fresh",Wine - Rosso Del Veronese Igt,"Wine - Red, Marechal Foch",Longos - Greek Salad,61,9,1,368,4
Loquat,Pie Shells 10,Plasticknivesblack,Table Cloth 62x120 Colour,97,7,1,328,1
Wine - Sauvignon Blanc,Beer - Corona,Wine - Crozes Hermitage E.,Quail - Jumbo Boneless,37,2,1,41,1
"Lettuce - Romaine, Heart",Wine - Fontanafredda Barolo,Cup - 8oz Coffee Perforated,Yoplait - Strawbrasp Peac,77,8,1,195,1
"Wine - Niagara,vqa Reisling",Wine - Kwv Chenin Blanc South,Ham - Cooked Italian,Coffee - Flavoured,84,5,1,167,4
Quail - Jumbo,Lettuce - Iceberg,Bagel - Sesame Seed Presliced,Sponge Cake Mix - Chocolate,48,10,1,190,2
Gherkin - Sour,"Sugar - Sweet N Low, Individual",Oven Mitt - 13 Inch,"Lamb - Racks, Frenched",94,1,1,454,3
Sauce - Cranberry,Creme De Menthe Green,Beer - True North Lager,Ketchup - Tomato,65,6,1,116,4
Cake - Pancake,Energy Drink - Franks Original,Wine - Pinot Grigio Collavini,Tomatoes Tear Drop Yellow,20,4,1,131,2
"Pasta - Lasagna, Dry",Puree - Kiwi,Pork - Ground,"Tortillas - Flour, 10",56,1,1,53,3
Appetiser - Bought,Mcguinness - Blue Curacao,Temperature Recording Station,Carbonated Water - Wildberry,29,5,1,495,2
Juice - Orange 1.89l,"Tendrils - Baby Pea, Organic",Gatorade - Xfactor Berry,"Lemonade - Strawberry, 591 Ml",14,5,1,275,4
Wine - Gewurztraminer Pierre,Tea - Apple Green Tea,Fruit Mix - Light,Wine - Cave Springs Dry Riesling,65,9,1,297,4
The Pop Shoppe - Cream Soda,"Veal - Leg, Provimi - 50 Lb Max",Tahini Paste,Compound - Passion Fruit,39,7,1,144,4
Water - Aquafina Vitamin,Marjoram - Fresh,Muffin Batt - Blueberry Passion,Ecolab Digiclean Mild Fm,91,1,1,123,4
Halibut - Steaks,Jolt Cola - Red Eye,Pastry - French Mini Assorted,Oven Mitts 17 Inch,96,4,1,270,2
Sobe - Lizard Fuel,Mini - Vol Au Vents,"Pepper - Chipotle, Canned",Banana,52,6,1,146,1
Nantucket Pine Orangebanana,Ginger - Fresh,Lamb - Sausage Casings,Chocolate - Unsweetened,67,4,1,166,1
Lobster - Base,Butter - Pod,Pepper - Roasted Red,Oxtail - Cut,11,6,1,384,3
Salt And Pepper Mix - Black,Bread - Sour Sticks With Onion,Quail Eggs - Canned,Coffee Cup 16oz Foam,29,6,1,444,2
Bulgar,Wine - Magnotta - Cab Sauv,Cookie - Oreo 100x2,Beef - Tenderloin,98,9,1,450,1
"Salmon - Atlantic, No Skin",Salmon Steak - Cohoe 8 Oz,Nougat - Paste / Cream,Apple - Northern Spy,63,3,1,101,2
Oranges,"Wine - Red, Colio Cabernet",Mcgillicuddy Vanilla Schnap,Quail - Jumbo,12,2,1,399,4
Garlic - Peeled,Crab - Meat Combo,Onions - Cooking,Cocoa Feuilletine,100,9,1,206,4
Mushroom - King Eryingii,Compound - Strawberry,"Coconut - Shredded, Unsweet","Lemonade - Black Cherry, 591 Ml",49,5,1,209,1
Muffin Mix - Lemon Cranberry,Sobe - Lizard Fuel,Squeeze Bottle,"Pasta - Fett Alfredo, Single Serve",63,5,1,167,4
Beef - Bresaola,Green Tea Refresher,"Bread - Bagels, Plain",The Pop Shoppe - Cream Soda,12,8,1,278,3
Zucchini - Yellow,Pasta - Orecchiette,Wine - Periguita Fonseca,Wine - Pinot Noir Mondavi Coastal,36,10,1,390,3
Cheese - Brie Roitelet,"Pepper - Chillies, Crushed","Beef - Rib Roast, Capless",Stock - Fish,11,6,1,25,1
Soap - Hand Soap,"Wine - White, Mosel Gold",Buttons,Pork - Bones,28,2,1,289,3
Salad Dressing,External Supplier,"Red Snapper - Fresh, Whole",Bread - English Muffin,51,2,1,354,2
Squeeze Bottle,Radish - Pickled,Yogurt - French Vanilla,Cheese - Mascarpone,16,8,1,332,4
Soap - Pine Sol Floor Cleaner,Aspic - Amber,"Oil - Shortening,liqud, Fry",Beef Striploin Aaa,75,9,1,224,3
Bread - Ciabatta Buns,Vinegar - Champagne,Sugar - Icing,Bay Leaf Fresh,66,1,1,70,3
Coffee - Dark Roast,Sugar - Palm,Pork - Smoked Kassler,Uniform Linen Charge,64,9,1,261,3
Muffin Mix - Corn Harvest,"Soup - Knorr, French Onion","Tart Shells - Barquettes, Savory",Island Oasis - Lemonade,70,2,1,234,2
Bag Stand,Cheese - Cottage Cheese,Pur Value,Baking Soda,14,10,1,17,2
Barley - Pearl,Puree - Blackcurrant,Cheese - Mascarpone,Food Colouring - Orange,39,6,1,173,2
Pasta - Fusili Tri - Coloured,Tea - Decaf Lipton,Juice - Apple Cider,Lambcasing,53,6,1,499,3
Papayas,The Pop Shoppe - Root Beer,Dried Peach,Foil - 4oz Custard Cup,25,2,1,19,1
Wine - Chateauneuf Du Pape,Butter Balls Salted,"Wine - White, Schroder And Schyl",Milkettes - 2%,34,4,1,399,2
Nantuket Peach Orange,Wine - Cabernet Sauvignon,Bacardi Limon,Bread - Multigrain,53,4,1,293,4
Cotton Wet Mop 16 Oz,Pork - European Side Bacon,Brandy Apricot,Pernod,65,6,1,85,4
Bread - Rosemary Focaccia,Sauce - Alfredo,Wine - Piper Heidsieck Brut,"Oil - Truffle, White",68,6,1,51,3
Puree - Blackcurrant,"Juice - Apple, 500 Ml",Ice Cream - Chocolate,Soupfoamcont12oz 112con,44,9,1,426,4
Cheese - Wine,Lamb - Shoulder,Table Cloth 72x144 White,Table Cloth 90x90 White,6,9,1,228,4
Beef Tenderloin Aaa,Chick Peas - Canned,Island Oasis - Lemonade,Sugar - Invert,31,1,1,76,2
"Cheese - Romano, Grated",Pecan Raisin - Tarts,Cheese - Camembert,Paper Towel Touchless,12,8,1,190,1
Wine - Champagne Brut Veuve,Carroway Seed,Bowl 12 Oz - Showcase 92012,"Sauce - Black Current, Dry Mix",86,2,1,460,4
"Bread - White, Sliced",Soap - Mr.clean Floor Soap,Muffin Mix - Lemon Cranberry,Coffee Swiss Choc Almond,26,2,1,429,1
"Bread - Pullman, Sliced","Soup - Knorr, French Onion",Tea - English Breakfast,Cookie Choc,89,7,1,39,1
"Sauce - Black Current, Dry Mix","Bag - Bread, White, Plain",Cinnamon Buns Sticky,Jam - Apricot,48,7,1,288,1
Plasticspoonblack,Godiva White Chocolate,Longos - Grilled Veg Sandwiches,Spice - Paprika,74,3,1,375,3
Carbonated Water - Orange,Island Oasis - Sweet And Sour Mix,Longos - Penne With Pesto,Grenadine,25,6,1,108,2
Juice - Propel Sport,Coffee Guatemala Dark,Sauce Bbq Smokey,Quail - Jumbo Boneless,1,3,1,269,4
"Turkey - Whole, Fresh",Chervil - Fresh,Chips - Assorted,Dried Peach,40,2,1,86,1
Cabbage Roll,Beef Ground Medium,Beets - Golden,Wine - Valpolicella Masi,8,2,1,435,2
Monkfish - Fresh,Rum - Mount Gay Eclipes,Towel Multifold,Table Cloth 90x90 White,3,9,1,448,1
"Fish - Soup Base, Bouillon",Pastry - Choclate Baked,"Mustard - Dry, Powder",Cleaner - Pine Sol,70,10,1,337,2
"Pepper - White, Ground",Puff Pastry - Slab,Bread - Sour Batard,Soup - Campbells Asian Noodle,29,1,1,20,4
Lettuce - Escarole,Apple - Northern Spy,Milk - Buttermilk,"Bread - White, Sliced",68,10,1,409,2
"Chicken - Diced, Cooked","Soup - Campbells, Butternut",Coffee - Frthy Coffee Crisp,Rice - Long Grain,50,7,1,59,4
"Leeks - Baby, White",Tart - Lemon,Sobe - Orange Carrot,Chocolate Liqueur - Godet White,73,6,1,188,3
Tea - Herbal I Love Lemon,"Tomatoes - Vine Ripe, Red","Chicken - Base, Ultimate",Ostrich - Prime Cut,43,6,1,196,3
Flour - Fast / Rapid,Chocolate - Milk,Allspice - Jamaican,Gherkin - Sour,20,10,1,184,3
Truffle Shells - White Chocolate,Veal - Inside,Crab Meat Claw Pasteurise,Remy Red Berry Infusion,51,5,1,252,2
"Club Soda - Schweppes, 355 Ml",Pepper - Pablano,Rice - Wild,"Doilies - 10, Paper",67,6,1,163,3
"Beans - Long, Chinese",Gooseberry,Island Oasis - Magarita Mix,Red Cod Fillets - 225g,90,6,1,274,3
Vaccum Bag - 14x20,"Nut - Pecan, Pieces",Apples - Spartan,Tilapia - Fillets,48,8,1,9,4
Bay Leaf Ground,Squash - Sunburst,Soho Lychee Liqueur,Coffee Swiss Choc Almond,89,9,1,398,1
Lid - 3oz Med Rec,Nougat - Paste / Cream,Sprouts Dikon,Pork - Back Ribs,40,5,1,247,1
"Bread - Bagels, Plain","Ecolab - Orange Frc, Cleaner",Anchovy Fillets,Bagelers - Cinn / Brown Sugar,36,5,1,306,1
Spice - Montreal Steak Spice,Container - Hngd Cll Blk 7x7x3,"Cheese - Brie, Triple Creme","Bread - Roll, Italian",24,5,1,152,2
Savory,Cake - Dulce De Leche,Sausage - Meat,"Doilies - 5, Paper",73,2,1,342,2
Bagelers - Cinn / Brown Sugar,Crackers Cheez It,Olives - Nicoise,"Wine - White, Riesling, Henry Of",97,6,1,268,4
"Wine - White, Concha Y Toro","Mushroom - Trumpet, Dry","Lid - 10,12,16 Oz",Cheese - Grie Des Champ,87,4,1,473,3
Bread - Raisin Walnut Pull,Water - Evian 355 Ml,Duck - Whole,"Nut - Walnut, Pieces",29,7,1,191,2
Pears - Bartlett,V8 - Vegetable Cocktail,Beer - Mcauslan Apricot,"Jam - Strawberry, 20 Ml Jar",60,8,1,11,1
Flavouring Vanilla Artificial,Beef - Sushi Flat Iron Steak,Energy Drink - Franks Original,"Wine - Red, Colio Cabernet",30,1,1,98,1
Cheese - Mozzarella,"Pasta - Detalini, White, Fresh","Fish - Soup Base, Bouillon","Juice - Grapefruit, 341 Ml",85,4,1,224,1
Relish,Evaporated Milk - Skim,Pasta - Cheese / Spinach Bauletti,Tarragon - Fresh,61,2,1,495,4
Ecolab - Balanced Fusion,Sauce - Fish 25 Ozf Bottle,Heavy Duty Dust Pan,"Cheese - Cheddar, Old White",18,3,1,390,3
"Beans - Black Bean, Canned",Momiji Oroshi Chili Sauce,Bagels Poppyseed,"Fish - Artic Char, Cold Smoked",41,10,1,470,1
Pernod,Emulsifier,Cheese - Pont Couvert,Island Oasis - Peach Daiquiri,15,3,1,129,3
"Hickory Smoke, Liquid",Couscous,"Thyme - Lemon, Fresh","Wine - Magnotta - Red, Baco",97,1,1,105,3
Peas Snow,Grapes - Red,Beer - True North Lager,Gatorade - Fruit Punch,91,1,1,263,2
Chinese Lemon Pork,Cheese - Cream Cheese,Rice - 7 Grain Blend,Marjoram - Fresh,66,8,1,76,2
Flour - So Mix Cake White,"Roe - Lump Fish, Black",Arctic Char - Fillets,Beer - Moosehead,48,6,1,444,4
Meldea Green Tea Liquor,Sauce - Balsamic Viniagrette,"Bread - Roll, Italian","Soup - Campbells, Chix Gumbo",100,9,1,69,3
"Mushroom - Trumpet, Dry",Shortbread - Cookie Crumbs,Honey - Comb,Duck - Legs,36,3,1,341,3
Flour - Strong,Latex Rubber Gloves Size 9,Wine - Fino Tio Pepe Gonzalez,"Rice Pilaf, Dry,package",60,10,1,173,3
Chocolate Eclairs,Cookie Dough - Double,Lettuce - Lambs Mash,Pasta - Fusili Tri - Coloured,84,2,1,148,3
Sausage - Chorizo,"Rum - Light, Captain Morgan",Wine - Lamancha Do Crianza,Ecolab - Hobart Upr Prewash Arm,65,2,1,167,3
"Napkin - Dinner, White",Ham - Proscuitto,Table Cloth 90x90 Colour,Kellogs Special K Cereal,98,5,1,467,1
"Coffee - Colombian, Portioned",Melon - Honey Dew,Cheese - Parmigiano Reggiano,Beer - Guiness,94,5,1,7,3
Chocolate Eclairs,"Star Anise, Whole",Tumeric,Straws - Cocktale,97,9,1,363,2
Pastry - Apple Muffins - Mini,"Pasta - Lasagna, Dry",Yokaline,Tuna - Fresh,57,3,1,109,2
Berry Brulee,Pectin,Fruit Salad Deluxe,Whmis - Spray Bottle Trigger,11,9,1,74,2
"Trout - Hot Smkd, Dbl Fillet",Pecan Raisin - Tarts,Oil - Macadamia,Lamb - Sausage Casings,3,5,1,472,3
Table Cloth 62x120 White,Squeeze Bottle,"Wine - White, Antinore Orvieto",Fruit Mix - Light,6,7,1,110,4
Chambord Royal,Cookies - Englishbay Chochip,Soup Campbells,Flower - Commercial Bronze,91,7,1,362,1
Beer - Corona,"Wine - White, Colubia Cresh",Sausage - Liver,Mushroom - Porcini Frozen,72,9,1,467,2
Crawfish,Grouper - Fresh,Soup Campbells Turkey Veg.,Rabbit - Whole,37,7,1,408,4
Soup - Campbells Tomato Ravioli,Broom - Angled,Flour Pastry Super Fine,Coffee - French Vanilla Frothy,18,5,1,459,3
Foam Espresso Cup Plain White,Fish - Bones,Napkin Colour,Maple Syrup,94,4,1,303,3
Wine - Manischewitz Concord,V8 Splash Strawberry Banana,"Veal - Shank, Pieces",Truffle Cups - Red,58,9,1,219,2
Pastrami,Wine - Domaine Boyar Royal,"Pork - Loin, Bone - In","Pork - Bacon, Double Smoked",3,4,1,20,1
Basil - Pesto Sauce,Salmon Steak - Cohoe 6 Oz,Vinegar - Champagne,Lettuce - Spring Mix,61,8,1,378,2
Spice - Greek 1 Step,Hinge W Undercut,Garbage Bags - Black,Trueblue - Blueberry,72,7,1,107,3
Pork - Smoked Back Bacon,Wine - George Duboeuf Rose,Cherries - Fresh,Table Cloth 53x69 White,9,7,1,428,2
Cornstarch,Steampan - Lid For Half Size,Eggplant - Baby,Chevril,11,6,1,379,2
Soup - Campbells Beef Noodle,"Pepsi, 355 Ml",Arrowroot,"Tomatoes - Cherry, Yellow",87,1,1,470,4
Cheese - Bocconcini,Bread - Italian Sesame Poly,Wonton Wrappers,Momiji Oroshi Chili Sauce,90,8,1,19,3
"Nestea - Ice Tea, Diet","Fish - Artic Char, Cold Smoked","Pork - Chop, Frenched","Juice - Pineapple, 48 Oz",20,10,1,455,1
"Vodka - Hot, Lnferno",Bread - English Muffin,Oil - Peanut,"Tortillas - Flour, 8",82,3,1,164,1
"Shrimp - 16/20, Iqf, Shell On",Mushroom - King Eryingii,Kohlrabi,"Sugar - Brown, Individual",4,3,1,421,2
"Nut - Pistachio, Shelled",Macaroons - Two Bite Choc,Bagelers,Chutney Sauce,43,2,1,312,4
The Pop Shoppe - Lime Rickey,Pork - Ground,"Soup - Knorr, Classic Can. Chili",Cheese - Feta,14,9,1,286,1
Ecolab - Hobart Washarm End Cap,"Octopus - Baby, Cleaned","Juice - Apple, 500 Ml",Muffin - Mix - Bran And Maple 15l,1,3,1,200,1
V8 Splash Strawberry Banana,Coffee - French Vanilla Frothy,Food Colouring - Orange,Veal - Eye Of Round,49,4,1,180,3
"Soup - Campbells, Lentil",Sauce - Alfredo,Glycerine,Wine - Cava Aria Estate Brut,78,8,1,5,3
Flower - Commercial Spider,Kiwi,Papadam,Oil - Pumpkinseed,16,4,1,265,2
Baking Powder,Hold Up Tool Storage Rack,"Beans - Navy, Dry",Pie Filling - Cherry,32,10,1,357,4
Eggplant - Asian,"Bread - Dark Rye, Loaf","Yogurt - Banana, 175 Gr",Noodles - Steamed Chow Mein,11,3,1,422,1
"Trout - Rainbow, Fresh",Pheasants - Whole,Red Cod Fillets - 225g,Flour - Fast / Rapid,44,3,1,341,3
Beef Ground Medium,Bread - Granary Small Pull,Chips - Doritos,Seedlings - Clamshell,98,9,1,193,4
Garlic Powder,Cheese - Mix,"Fish - Base, Bouillion",Wine - Alsace Gewurztraminer,3,5,1,373,3
Pastry - Mini French Pastries,Napkin Colour,"Chicken - Diced, Cooked",Miso - Soy Bean Paste,8,6,1,260,1
Monkfish Fresh - Skin Off,Cheese - Gouda Smoked,Bread - Corn Muffaleta Onion,"Wine - Red, Gallo, Merlot",22,5,1,5,1
Turnip - Wax,Sage - Fresh,Butter Balls Salted,Salt - Celery,49,10,1,13,4
Absolut Citron,Pastry - Cherry Danish - Mini,Hinge W Undercut,Gooseberry,8,2,1,324,4
Flower - Potmums,Miso - Soy Bean Paste,Nantuket Peach Orange,Wine - Sogrape Mateus Rose,21,1,1,381,4
Soup Campbells Split Pea And Ham,Swordfish Loin Portions,Fruit Mix - Light,Rolled Oats,1,2,1,172,3
"Nut - Hazelnut, Whole","Wine - Red, Marechal Foch",Haggis,Creme De Menth - White,2,4,1,40,3
Apple - Northern Spy,Bread - Sour Sticks With Onion,Cake - Box Window 10x10x2.5,"Pork - Chop, Frenched",62,10,1,468,1
Longan,Tea - Apple Green Tea,"Wine - White, Pelee Island","Mushroom - Oyster, Fresh",68,2,1,324,4
Broom And Broom Rack White,Cod - Fillets,"Jam - Blackberry, 20 Ml Jar",Pastry - Banana Muffin - Mini,34,8,1,203,2
"Oranges - Navel, 72",Mahi Mahi,Vinegar - Balsamic,Pork - Smoked Kassler,68,2,1,168,1
Corn Kernels - Frozen,"Gin - Gilbeys London, Dry",Tilapia - Fillets,"Soup - Campbells, Spinach Crm",52,10,1,484,4
Halibut - Steaks,Rhubarb,Pear - Asian,Island Oasis - Strawberry,69,10,1,21,1
Mushroom Morel Fresh,Wine - Sake,"Stock - Beef, White",Beef - Kobe Striploin,25,5,1,337,1
Knife Plastic - White,Wine - Guy Sage Touraine,"Wine - Niagara,vqa Reisling","Cheese - Manchego, Spanish",74,10,1,92,2
Compound - Passion Fruit,Arizona - Green Tea,Pears - Bosc,"Doilies - 5, Paper",69,3,1,340,4
Bread - Sour Sticks With Onion,Ice Cream - Life Savers,Cheese - Goat,"Arctic Char - Fresh, Whole",7,7,1,34,3
"Shrimp - 16 - 20 Cooked, Peeled",Soup - Base Broth Chix,Kirsch - Schloss,Beer - Paulaner Hefeweisse,19,7,1,158,4
Bouq All Italian - Primerba,Beef Striploin Aaa,Soup Campbells Beef With Veg,Aspic - Amber,1,1,1,180,2
Bread - Burger,Wine - Sauvignon Blanc Oyster,Cheese - Pont Couvert,Wine - German Riesling,37,6,1,319,3
Yeast Dry - Fermipan,Bread - English Muffin,"Yogurt - Raspberry, 175 Gr","Fish - Scallops, Cold Smoked",97,6,1,435,1
Jerusalem Artichoke,Kellogs Raisan Bran Bars,Bandage - Finger Cots,"Cheese - Havarti, Roasted Garlic",39,6,1,335,4
Sweet Pea Sprouts,Towel - Roll White,"Nut - Pistachio, Shelled",Salt And Pepper Mix - White,11,4,1,500,4
Veal - Ground,Grenadine,Soup Knorr Chili With Beans,Table Cloth - 53x69 Colour,83,8,1,9,1
"Pork - Bacon, Sliced",Pop Shoppe Cream Soda,Cream - 10%,Tea - Decaf Lipton,6,8,1,7,4
Pastry - Chocolate Marble Tea,"Pasta - Fettuccine, Dry",Water Chestnut - Canned,Garbage Bags - Black,58,5,1,193,1
Pizza Pizza Dough,Creamers - 10%,"Pepsi - Diet, 355 Ml","Tendrils - Baby Pea, Organic",33,2,1,458,3
Towels - Paper / Kraft,Mushrooms - Honey,"Nut - Hazelnut, Whole",Oregano - Fresh,76,5,1,58,1
"Shrimp - Baby, Warm Water",Parsley - Dried,"Doilies - 7, Paper",Chef Hat 25cm,61,1,1,334,4
Lemons,Vinegar - Sherry,Muffin Batt - Ban Dream Zero,"Asparagus - White, Fresh",20,4,1,302,3
Tomato - Green,Barramundi,Pants Custom Dry Clean,"Salmon - Whole, 4 - 6 Pounds",25,3,1,226,1
Wine - Pinot Noir Latour,Aspic - Amber,Milkettes - 2%,Cheese - Brie,63,3,1,203,1
Vinegar - Champagne,Duck - Breast,Cookies - Englishbay Oatmeal,Wine - Beaujolais Villages,63,5,1,400,1
Chinese Foods - Thick Noodles,Tarragon - Fresh,Banana,Rolled Oats,47,3,1,78,3
Flavouring Vanilla Artificial,"Pasta - Lasagna Noodle, Frozen",Appetizer - Assorted Box,Lamb - Whole Head Off,25,7,1,114,1
Pork Ham Prager,"Tuna - Canned, Flaked, Light",Pate - Liver,Vinegar - White Wine,30,3,1,81,3
Cheese - Parmigiano Reggiano,Apple - Northern Spy,"Beef - Cooked, Corned",Eggs - Extra Large,23,7,1,107,4
Lid - 16 Oz And 32 Oz,Beans - Green,Chambord Royal,Table Cloth 53x69 White,98,2,1,447,4
Cake - Sheet Strawberry,"Lamb - Loin, Trimmed, Boneless","Turkey - Whole, Fresh",Allspice - Jamaican,95,3,1,85,1
Ham - Black Forest,Cleaner - Bleach,Sauce - Plum,Chips - Doritos,70,7,1,301,1
Steel Wool,Tamarillo,Beef Flat Iron Steak,Pastry - Apple Large,80,2,1,251,1
Dill Weed - Dry,Water - Tonic,Sobe - Orange Carrot,"Pasta - Fusili, Dry",83,8,1,119,2
"Tart Shells - Sweet, 2",Tomato Paste,Curry Paste - Green Masala,"Jam - Marmalade, Orange",83,3,1,340,4
Bread - Multigrain,Sugar - Icing,Bar - Sweet And Salty Chocolate,Tomatoes Tear Drop,76,10,1,391,3
Longos - Burritos,Soup Campbells Turkey Veg.,"Bread - Rolls, Rye",Tia Maria,8,9,1,61,1
Black Currants,Pastry - Baked Cinnamon Stick,Pastry - Banana Muffin - Mini,"Roe - Lump Fish, Red",61,6,1,198,1
"Wine - Cahors Ac 2000, Clos",Pears - Bartlett,Salt - Table,Soup - Campbells Tomato Ravioli,61,2,1,449,3
Skewers - Bamboo,"Yogurt - Raspberry, 175 Gr",Propel Sport Drink,Huck White Towels,67,10,1,341,1
Pepper - Orange,"Seedlings - Mix, Organic",Bread Sour Rolls,Flour - Strong,97,4,1,265,2
Cheese - Fontina,"Wine - Red, Metus Rose","Sugar - Brown, Individual",Sauce - Hp,30,2,1,388,4
"Beef - Bones, Cut - Up","Wine - Magnotta - Red, Baco",Scotch - Queen Anne,"Pepper - Chillies, Crushed",63,5,1,219,1
Cheese - Ermite Bleu,Lettuce - Romaine,Oil - Safflower,Blueberries - Frozen,22,7,1,436,1
English Muffin,Pastry - Apple Muffins - Mini,Nut - Pumpkin Seeds,Pastry - Baked Cinnamon Stick,58,6,1,408,4
Butter Balls Salted,Pork - Smoked Back Bacon,Sponge Cake Mix - Vanilla,Bagel - Ched Chs Presliced,52,9,1,432,3
Duck - Breast,"Jam - Strawberry, 20 Ml Jar",Peppercorns - Pink,Beer - Upper Canada Lager,74,1,1,177,1
Wine - Vineland Estate Semi - Dry,Island Oasis - Magarita Mix,"Tomatoes - Vine Ripe, Red",Creme De Cacao White,65,1,1,326,1
Wine - Shiraz Wolf Blass Premium,Sole - Iqf,"Butter - Salted, Micro",Eggwhite Frozen,33,8,1,473,4
"Syrup - Monin, Amaretta",Lamb - Shanks,Chicken - Bones,Napkin Colour,18,9,1,390,1
Dish Towel,Sweet Pea Sprouts,Squash - Guords,Drambuie,7,4,1,266,4
Nestea - Iced Tea,Salmon Atl.whole 8 - 10 Lb,Water - Spring Water 500ml,Mince Meat - Filling,10,8,1,70,2
Sugar Thermometer,"Tarragon - Primerba, Paste",Blueberries,Onion Powder,83,10,1,479,1
"Tart Shells - Barquettes, Savory",Wine - Touraine Azay - Le - Rideau,Milk - Skim,Mint - Fresh,62,1,1,302,2
Pie Pecan,Apple - Fuji,Puff Pastry - Slab,"Nut - Pecan, Halves",4,4,1,42,2
Rambutan,Vinegar - Balsamic,"Beef - Roasted, Cooked",Lettuce - Lolla Rosa,67,2,1,301,1
Gatorade - Lemon Lime,Eel Fresh,Fennel,Kiwi,90,9,1,157,2
"Lemonade - Natural, 591 Ml",Soup - Base Broth Chix,Dc Hikiage Hira Huba,Southern Comfort,49,4,1,307,1
"Mustard - Dry, Powder","Soup - Knorr, Country Bean",Bagel - Everything,Glove - Cutting,54,5,1,469,4
Longos - Grilled Salmon With Bbq,Cod - Black Whole Fillet,Chevere Logs,"Rum - Light, Captain Morgan",24,2,1,430,2
Steampan - Half Size Shallow,"Fish - Atlantic Salmon, Cold",Ham - Cooked,"Pepper - Chillies, Crushed",8,6,1,451,4
"Pepper - Julienne, Frozen",Loquat,"Yeast - Fresh, Fleischman",Ketchup - Tomato,56,10,1,300,2
"Wine - White, Colubia Cresh",Walkers Special Old Whiskey,Lettuce - Boston Bib,Tia Maria,100,6,1,1,2
Bread - Multigrain,Apple - Macintosh,Veal - Loin,Ice Cream - Fudge Bars,85,3,1,272,3
Cup - Translucent 7 Oz Clear,Squash - Guords,"Pork - Loin, Bone - In",Fennel - Seeds,61,10,1,214,1
Wine - Segura Viudas Aria Brut,Muffin - Banana Nut Individual,Buffalo - Striploin,Dome Lid Clear P92008h,77,6,1,265,2
Water - Perrier,Tea - Camomele,Durian Fruit,Bay Leaf,1,9,1,193,4
Soup - Tomato Mush. Florentine,Wine - Vidal Icewine Magnotta,Soup - Campbells Mac N Cheese,Sole - Iqf,87,3,1,314,1
"Cherries - Maraschino,jar",Nori Sea Weed - Gold Label,Bread - Corn Muffaleta Onion,Pork - Shoulder,44,5,1,208,1
Mix - Cappucino Cocktail,Nantuket Peach Orange,Plastic Wrap,"Oil - Olive, Extra Virgin",78,9,1,255,2
Soup - Campbells Chicken,"Quail - Eggs, Fresh",Onions Granulated,Cheese Cloth No 100,75,4,1,128,1
Sausage - Chorizo,Chicken - Ground,Horseradish Root,Lentils - Green Le Puy,36,6,1,192,2
Fish - Bones,Pork Casing,"Pasta - Lasagne, Fresh",Soup - Campbells Beef Strogonoff,26,3,1,188,2
Mince Meat - Filling,Bread - Hot Dog Buns,Mushroom Morel Fresh,Pastrami,85,3,1,116,2
Tequila - Sauza Silver,"Lemonade - Island Tea, 591 Ml","Bread - Roll, Italian",Cheese - Gorgonzola,81,6,1,200,4
Zucchini - Yellow,Vinegar - Sherry,Tea - Herbal - 6 Asst,Beer - Paulaner Hefeweisse,5,10,1,31,3
Beef Flat Iron Steak,Radish - Pickled,Pectin,Cocoa Powder - Natural,82,1,1,24,4
"Soup - Campbells, Beef Barley",Water - Perrier,Orange - Blood,Squeeze Bottle,42,1,1,147,2
Pasta - Ravioli,Cheese - Camembert,Puree - Raspberry,Wheat - Soft Kernal Of Wheat,67,10,1,203,2
Wine - Jafflin Bourgongone,Tamarillo,Wine - Chateau Timberlay,Longos - Grilled Chicken With,27,4,1,92,4
"Tarragon - Primerba, Paste",Pastry - Baked Cinnamon Stick,Rabbit - Frozen,Coconut - Whole,80,6,1,320,1
"Cup - 3.5oz, Foam",Flour - Pastry,Icecream - Dstk Strw Chseck,"Pork - Loin, Center Cut",8,10,1,307,1
Currants,Gatorade - Orange,Island Oasis - Mango Daiquiri,Pails With Lids,74,6,1,178,1
Bread - Burger,Tomatoes - Cherry,"Shrimp - Baby, Warm Water",Breadfruit,31,1,1,79,1
Table Cloth 53x69 White,"Garlic - Primerba, Paste",Truffle - Whole Black Peeled,Cheese - Parmigiano Reggiano,64,6,1,162,3
Anchovy Fillets,Crab - Imitation Flakes,Guinea Fowl,Wine - Pinot Noir Mondavi Coastal,7,6,1,293,4
Sausage - Andouille,"Pasta - Bauletti, Chicken White",Rosemary - Dry,Wine - Sauvignon Blanc,85,4,1,16,1
"Asparagus - Green, Fresh",Pickles - Gherkins,Goulash Seasoning,Hot Chocolate - Individual,34,9,1,345,1
Ginger - Fresh,Tea - Herbal Orange Spice,Bread - 10 Grain,Coffee - Cafe Moreno,51,2,1,194,1
Wine - Kwv Chenin Blanc South,Langers - Ruby Red Grapfruit,Beer - True North Strong Ale,"Bread - White, Unsliced",85,7,1,213,4
Coffee - Irish Cream,Graham Cracker Mix,Lumpfish Black,Hersey Shakes,47,3,1,202,1
"Glass - Wine, Plastic, Clear 5 Oz",Longos - Lasagna Veg,Crab - Imitation Flakes,Hersey Shakes,89,4,1,77,3
Black Currants,Lid Tray - 12in Dome,Sweet Pea Sprouts,"Tendrils - Baby Pea, Organic",35,3,1,231,4
Paper Cocktail Umberlla 80 - 180,Spinach - Baby,Tomatoes - Cherry,Salmon Steak - Cohoe 6 Oz,23,3,1,190,2
Chips Potato Salt Vinegar 43g,"Beef - Baby, Liver","Pasta - Cappellini, Dry",Bread - Italian Corn Meal Poly,36,3,1,223,4
Cheese - Bakers Cream Cheese,"Quail - Eggs, Fresh",Pork - Smoked Back Bacon,Lettuce - Curly Endive,81,5,1,202,1
Beans - French,Mustard - Seed,Broccoli - Fresh,Boogies,37,3,1,328,4
Crackers - Soda / Saltins,"Seedlings - Buckwheat, Organic","Shrimp - Baby, Cold Water",Walkers Special Old Whiskey,58,10,1,208,1
Oil - Margarine,Chicken - Livers,Table Cloth 53x69 White,"Squash - Pattypan, Yellow",98,10,1,160,2
Lobak,Shark - Loin,Bread - Dark Rye,Soup Campbells Turkey Veg.,21,4,1,141,1
Bread - Corn Muffaleta Onion,Lettuce - Spring Mix,Compound - Raspberry,Vanilla Beans,3,9,1,42,4
The Pop Shoppe - Cream Soda,Tamarind Paste,Bread - Assorted Rolls,Soup V8 Roasted Red Pepper,55,7,1,391,2
Chips Potato All Dressed - 43g,Food Colouring - Blue,"Coke - Diet, 355 Ml",Pasta - Orecchiette,46,1,1,414,2
"Gingerale - Schweppes, 355 Ml",Hog / Sausage Casing - Pork,Nescafe - Frothy French Vanilla,The Pop Shoppe - Cream Soda,97,9,1,266,4
Flower - Carnations,Tarragon - Fresh,Galliano,"Tart Shells - Savory, 4",60,8,1,362,3
Beef - Top Sirloin - Aaa,Syrup - Monin - Granny Smith,Cheese - Camembert,Foie Gras,72,9,1,221,4
"Juice - Clamato, 341 Ml",Sausage - Breakfast,Chips Potato Swt Chilli Sour,"Beef - Bones, Cut - Up",66,9,1,326,3
Juice Peach Nectar,"Pasta - Orzo, Dry",Water - Evian 355 Ml,Water - Aquafina Vitamin,23,5,1,346,1
Beer - Muskoka Cream Ale,Onions - Red,Bread - Pita,Cheese - Comte,3,10,1,290,1
"Soup - Campbells, Minestrone",Lettuce - Radicchio,Carbonated Water - Peach,"Salmon - Atlantic, Fresh, Whole",98,2,1,9,3
Vol Au Vents,Cumin - Whole,Arizona - Green Tea,Wheat - Soft Kernal Of Wheat,52,4,1,419,4
Icecream - Dibs,Shrimp - Black Tiger 13/15,Muffin Mix - Banana Nut,Bread - White Mini Epi,1,5,1,194,2
Greens Mustard,Pears - Bosc,"Soda Water - Club Soda, 355 Ml",Godiva White Chocolate,53,4,1,141,4
Glass - Juice Clear 5oz 55005,Clam Nectar,"Beef - Cooked, Corned",Clams - Bay,22,1,1,232,2
Glucose,Pork - Ground,"Vermouth - White, Cinzano",Longos - Assorted Sandwich,30,1,1,83,4
"Trout - Hot Smkd, Dbl Fillet",Cheese - Cheddarsliced,Nectarines,Cleaner - Bleach,50,8,1,499,4
Lettuce - Sea / Sea Asparagus,Glass Clear 8 Oz,Spring Roll Wrappers,Lobak,77,3,1,56,4
Ham - Cooked Bayonne Tinned,Nestea - Iced Tea,Wine - Remy Pannier Rose,Soup - Tomato Mush. Florentine,9,10,1,367,1
"Carrots - Mini, Stem On",Ice Cream Bar - Oreo Sandwich,Horseradish Root,Nantuket Peach Orange,79,1,1,84,2
Muffin Mix - Blueberry,Pork Salted Bellies,Bread Base - Gold Formel,Pastry - Plain Baked Croissant,36,3,1,462,2
Anchovy Paste - 56 G Tube,Wine - Vineland Estate Semi - Dry,Bacon Strip Precooked,Calaloo,62,8,1,111,4
Water - Spring 1.5lit,Laundry - Bag Cloth,Wine - Jafflin Bourgongone,"Lobster - Tail, 3 - 4 Oz",4,4,1,283,4
Syrup - Pancake,Tuna - Fresh,Rabbit - Whole,Hold Up Tool Storage Rack,55,3,1,432,4
Tea Peppermint,Nestea - Iced Tea,"Cookies - Oreo, 4 Pack",Puree - Kiwi,57,3,1,243,1
"Lemonade - Mandarin, 591 Ml",Myers Planters Punch,"Cod - Salted, Boneless",Juice - Orangina,55,1,1,345,4
Alize Gold Passion,Cinnamon Buns Sticky,Wheat - Soft Kernal Of Wheat,Wine - Chablis 2003 Champs,58,5,1,282,2
Soup - Campbells Chili,Onion - Dried,"Plate - Foam, Bread And Butter",Squash - Acorn,24,7,1,209,2
Pastry - Lemon Danish - Mini,Beer - Tetleys,Beef - Texas Style Burger,"Juice - Apple, 1.36l",7,2,1,321,2
"Wine - Red, Lurton Merlot De",Wine - Riesling Alsace Ac 2001,Wine - Chianti Classica Docg,Syrup - Kahlua Chocolate,66,10,1,361,3
Beef - Salted,Guinea Fowl,Cloves - Ground,Wine - Periguita Fonseca,39,6,1,315,2
Puree - Strawberry,Bagelers - Cinn / Brown,Cocoa Butter,Wine - Toasted Head,2,10,1,12,3
"Sole - Dover, Whole, Fresh",Bread Sour Rolls,Stock - Fish,Pears - Bartlett,47,3,1,352,3
Cake Slab,"Soup - Knorr, French Onion",Shopper Bag - S - 4,"Asparagus - Green, Fresh",27,3,1,205,3
"Soup - Knorr, Chicken Gumbo",Syrup - Kahlua Chocolate,Veal - Provimi Inside,Wine - Magnotta - Bel Paese White,17,5,1,81,3
Peas Snow,Versatainer Nc - 9388,Dry Ice,Wheat - Soft Kernal Of Wheat,6,4,1,431,2
Flour - Rye,Shrimp - Black Tiger 6 - 8,Wine - Sicilia Igt Nero Avola,Bread - Petit Baguette,57,5,1,172,1
Oats Large Flake,Wine - Remy Pannier Rose,Jameson Irish Whiskey,Celery Root,62,7,1,243,2
Bread - Italian Corn Meal Poly,Longos - Grilled Chicken With,Beer - Blue,Sweet Pea Sprouts,31,5,1,259,3
Table Cloth 144x90 White,Soup V8 Roasted Red Pepper,Beer - Steamwhistle,Creamers - 10%,17,4,1,476,2
Apples - Spartan,Eggplant Italian,Flour - Strong,Cheese Cloth No 60,42,7,1,454,1
Longos - Cheese Tortellini,Vinegar - White,Tea - Herbal I Love Lemon,Bay Leaf Fresh,56,6,1,168,2
Veal - Knuckle,Skewers - Bamboo,Wine - Beringer Founders Estate,"Shrimp - 16/20, Iqf, Shell On",61,7,1,432,3
Peas Snow,Wiberg Super Cure,Soup - Base Broth Beef,Sauce - Hoisin,14,3,1,472,3
Oil - Sesame,"Bread - Pita, Mini",Coriander - Ground,Mustard - Dijon,89,8,1,316,3
Puree - Passion Fruit,The Pop Shoppe - Cream Soda,Bread - 10 Grain Parisian,Lotus Rootlets - Canned,60,2,1,410,2
Ham - Procutinni,Pepper - Chilli Seeds Mild,"Crab - Back Fin Meat, Canned",Cornish Hen,25,3,1,116,2
Veal - Liver,Appetizer - Southwestern,Yeast Dry - Fleischman,"Shrimp - 16/20, Peeled Deviened",95,8,1,286,2
Hot Chocolate - Individual,Shrimp - Black Tiger 6 - 8,"Pasta - Fettuccine, Dry",Kellogs All Bran Bars,55,5,1,135,1
"Pepper - White, Whole",Sauce - Salsa,Chocolate Liqueur - Godet White,"Beans - Kidney, Red Dry",77,5,1,423,3
Persimmons,Cocoa Butter,"Crush - Grape, 355 Ml",Chips Potato Salt Vinegar 43g,7,4,1,212,2
Scampi Tail,Appetizer - Cheese Bites,Cheese - Mix,"Flour - Buckwheat, Dark",76,10,1,376,1
Thyme - Fresh,"Chicken - Breast, 5 - 7 Oz",Bread - Sour Sticks With Onion,"Flour - Corn, Fine",2,8,1,463,3
Cookies - Englishbay Chochip,Squash - Acorn,Calypso - Strawberry Lemonade,Ice Cream Bar - Oreo Sandwich,71,6,1,259,4
Cocoa Butter,Nacho Chips,Cranberries - Dry,Snapple Raspberry Tea,49,8,1,405,4
Chocolate - Compound Coating,Potatoes - Idaho 100 Count,Paper - Brown Paper Mini Cups,Miso - Soy Bean Paste,35,7,1,274,3
Ecolab Crystal Fusion,"Juice - Tomato, 10 Oz",Oil - Hazelnut,Juice - V8 Splash,60,4,1,215,2
Bread - Petit Baguette,Zucchini - Yellow,Dill Weed - Fresh,Lettuce - Lolla Rosa,6,7,1,82,3
Venison - Racks Frenched,Muffin Mix - Raisin Bran,"Lamb - Whole, Frozen","Chicken - Thigh, Bone In",8,3,1,431,2
"Wine - White, Gewurtzraminer","Chicken - Diced, Cooked",Green Tea Refresher,"Rum - Dark, Bacardi, Black",52,2,1,408,3
Sausage - Chorizo,Beans - Fava Fresh,Chocolate Bar - Oh Henry,Eggplant Oriental,55,5,1,315,3
Browning Caramel Glace,Tea - Herbal Orange Spice,Nescafe - Frothy French Vanilla,Veal - Provimi Inside,45,2,1,440,3
Dried Apple,"Bread - Sticks, Thin, Plain",Coriander - Ground,Longos - Grilled Chicken With,44,1,1,275,2
Beef Ground Medium,Versatainer Nc - 888,"Quail - Whole, Boneless",Lumpfish Black,21,7,1,34,3
"Wine - Red, Pelee Island Merlot","Beans - Kidney, Canned",Extract - Almond,"Iced Tea - Lemon, 460 Ml",68,6,1,45,2
Irish Cream - Butterscotch,Pineapple - Regular,Butcher Twine 4r,Ecolab - Balanced Fusion,94,10,1,40,4
Mortadella,Veal - Sweetbread,Allspice - Jamaican,Pastry - Key Limepoppy Seed Tea,50,2,1,268,3
"Pepsi - Diet, 355 Ml",Wine - Maipo Valle Cabernet,Kahlua,Broom - Angled,28,6,1,301,1
Creamers - 10%,Dry Ice,"Soup - French Onion, Dry",Tea - Earl Grey,78,6,1,264,2
Venison - Ground,"Sugar - Sweet N Low, Individual",Otomegusa Dashi Konbu,"Napkin - Beverge, White 2 - Ply",97,2,1,231,4
Sage Ground Wiberg,"Vermouth - Sweet, Cinzano",Honey - Comb,"Wine - Saint - Bris 2002, Sauv",63,4,1,127,1
"Chicken - Wings, Tip Off",Longos - Chicken Cordon Bleu,"Lamb - Racks, Frenched",Salami - Genova,100,8,1,25,2
Longan,"Soup - Knorr, Chicken Gumbo",Pizza Pizza Dough,Salt - Table,70,10,1,58,4
Pork Loin Bine - In Frenched,Truffle Cups - White Paper,Dish Towel,Carbonated Water - Blackcherry,19,9,1,250,4
Browning Caramel Glace,Cheese - Wine,Wine - Black Tower Qr,Pastry - Banana Muffin - Mini,20,1,1,139,2
Schnappes Peppermint - Walker,Muffins - Assorted,Peas - Frozen,"Pepper - Chillies, Crushed",93,9,1,19,4
Lid Coffeecup 12oz D9542b,"Flour - Corn, Fine",Shrimp - Black Tiger 6 - 8,"Beans - Long, Chinese",30,9,1,38,2
Wine - Prem Select Charddonany,Sping Loaded Cup Dispenser,Compound - Mocha,Black Currants,58,2,1,112,2
Lobster - Live,Wine - Placido Pinot Grigo,Beer - Upper Canada Light,"Bar Mix - Pina Colada, 355 Ml",15,6,1,375,4
Gatorade - Xfactor Berry,"Olives - Green, Pitted","Extract - Vanilla,artificial",Wine - Dubouef Macon - Villages,47,3,1,356,3
Soup Bowl Clear 8oz92008,Cod - Fillets,"Rice Pilaf, Dry,package","Wine - Red, Concha Y Toro",15,1,1,156,4
Tea - Grapefruit Green Tea,Wine - Vineland Estate Semi - Dry,General Purpose Trigger,Veal - Sweetbread,2,2,1,57,3
Worcestershire Sauce,Appetizer - Assorted Box,Beef - Top Sirloin - Aaa,Cup - Paper 10oz 92959,12,7,1,76,3
Bread - Focaccia Quarter,Bacardi Breezer - Tropical,Truffle Shells - White Chocolate,Milkettes - 2%,52,10,1,375,1
Oil - Sesame,Mushroom Morel Fresh,Bread Crumbs - Panko,Madeira,98,5,1,246,1
Cheese - La Sauvagine,Burger Veggie,Garlic - Peeled,Energy Drink - Franks Original,44,5,1,182,2
Salt - Sea,Trueblue - Blueberry 12x473ml,Huck Towels White,Nougat - Paste / Cream,25,8,1,329,3
Vaccum Bag 10x13,"Pasta - Penne Primavera, Single",Lettuce - Frisee,Cape Capensis - Fillet,89,8,1,385,1
Soup - Campbells Beef Noodle,Higashimaru Usukuchi Soy,"Roe - Lump Fish, Red",Chocolate - Sugar Free Semi Choc,77,10,1,373,2
Beef - Top Butt,Lettuce - Baby Salad Greens,Dawn Professionl Pot And Pan,Beans - Green,35,2,1,115,2
Ice Cream - Turtles Stick Bar,"Nut - Cashews, Whole, Raw",Clam Nectar,Lettuce - Lolla Rosa,4,1,1,350,2
Bread - Bistro Sour,"Yogurt - Banana, 175 Gr","Appetizer - Mini Egg Roll, Shrimp",Icecream - Dibs,75,5,1,204,3
Quail Eggs - Canned,Wine - Zonnebloem Pinotage,Smoked Paprika,Cranberry Foccacia,24,9,1,384,4
Table Cloth 62x114 White,Raspberries - Fresh,Steampan Lid,"Shrimp - 16 - 20 Cooked, Peeled",98,10,1,48,2
Greens Mustard,Lettuce - Treviso,"Bread - Rolls, Rye","Quail - Eggs, Fresh",10,3,1,239,1
Extract - Almond,Beef - Montreal Smoked Brisket,Jagermeister,Soup - Campbells Bean Medley,11,5,1,206,4
Wine - Prem Select Charddonany,Crab Brie In Phyllo,Wine - Soave Folonari,Flour - Fast / Rapid,7,2,1,205,1
"Cheese - Cheddar, Old White",Yukon Jack,Lamb Leg - Bone - In Nz,Red Currant Jelly,40,7,1,149,2
Juice - V8 Splash,"Tomatoes - Plum, Canned","Bread - Pumpernickle, Rounds","Shrimp - Baby, Warm Water",45,2,1,275,1
"Quail - Eggs, Fresh",Breadfruit,Hersey Shakes,"Hickory Smoke, Liquid",3,7,1,258,1
Juice - Lemon,Pasta - Canelloni,Beef - Flank Steak,Octopus,7,3,1,146,4
Juice Peach Nectar,Spice - Montreal Steak Spice,Milkettes - 2%,Wine - Marlbourough Sauv Blanc,37,2,1,181,2
Flour - Teff,"Nut - Pecan, Halves",Wine - Chianti Classica Docg,"Basil - Dry, Rubbed",15,9,1,448,3
"Lemonade - Kiwi, 591 Ml",Noodles - Steamed Chow Mein,"Cod - Salted, Boneless",Beef - Top Butt Aaa,93,2,1,216,4
"Orange - Canned, Mandarin",Salmon Steak - Cohoe 6 Oz,Apricots - Dried,Tomato - Plum With Basil,89,10,1,347,1
Muffin Mix - Chocolate Chip,Rice - Long Grain,Plasticknivesblack,"Tabasco Sauce, 2 Oz",18,4,1,257,4
Everfresh Products,Squeeze Bottle,"Oranges - Navel, 72","Plate - Foam, Bread And Butter",86,7,1,256,3
Eggroll,Bread - Pita,Wine - Taylors Reserve,"Pork - Sausage, Medium",31,8,1,120,1
"Bread - Roll, Canadian Dinner",Wine - Casillero Deldiablo,Tomato - Plum With Basil,Cheese - Grana Padano,23,3,1,472,4
Rice - Jasmine Sented,Soup - Campbells Tomato Ravioli,Sesame Seed Black,Lettuce - Red Leaf,1,3,1,364,2
Rabbit - Whole,Pepper - Pablano,"Basil - Dry, Rubbed",Pork - Smoked Kassler,83,6,1,84,3
Lamb Rack Frenched Australian,"Sugar - Brown, Individual",Oven Mitt - 13 Inch,Fondant - Icing,43,4,1,391,3
Fork - Plastic,Beef - Texas Style Burger,Carbonated Water - Lemon Lime,"Lentils - Green, Dry",17,10,1,324,4
Meldea Green Tea Liquor,Ocean Spray - Ruby Red,Salt - Table,"Pasta - Fusili, Dry",71,6,1,32,1
"Oil - Olive, Extra Virgin",Ecolab - Solid Fusion,Tomatoes - Yellow Hot House,Oil - Peanut,40,7,1,409,3
Truffle Cups - White Paper,Silicone Paper 16.5x24,Cod - Black Whole Fillet,Longos - Chicken Cordon Bleu,93,4,1,212,4
Urban Zen Drinks,"Crab - Dungeness, Whole",Spinach - Frozen,Irish Cream - Butterscotch,48,5,1,293,4
"Beans - Black Bean, Canned","Ecolab - Orange Frc, Cleaner",Buffalo - Striploin,Five Alive Citrus,28,5,1,100,4
Paper - Brown Paper Mini Cups,Remy Red,Beer - Fruli,Cake - Mini Cheesecake,64,5,1,292,2
Bagel - Sesame Seed Presliced,"Wine - White, Lindemans Bin 95",Beer - Original Organic Lager,Tea - Decaf 1 Cup,88,9,1,450,4
"Lamb - Whole, Frozen",Potatoes - Idaho 80 Count,Glaze - Apricot,Beer - Molson Excel,11,5,1,340,3
Veal - Ground,Beer - Guiness,Bulgar,Hipnotiq Liquor,35,2,1,58,2
Zucchini - Green,Ecolab Crystal Fusion,Container - Hngd Cll Blk 7x7x3,Wine - Port Late Bottled Vintage,87,3,1,365,4
"Syrup - Monin, Amaretta","Marjoram - Dried, Rubbed",Cookies Almond Hazelnut,Cheese - Pont Couvert,54,3,1,157,1
"Pepper - Paprika, Hungarian",Chips - Potato Jalapeno,Mushroom - White Button,Chicken - Leg / Back Attach,20,8,1,93,2
"Pork - Butt, Boneless","Chicken - Base, Ultimate",Sausage - Breakfast,Rolled Oats,37,1,1,245,3
Bagelers,Vinegar - Rice,"Water, Tap",Hot Chocolate - Individual,27,2,1,103,4
Vinegar - Balsamic,Barley - Pearl,Fruit Salad Deluxe,Wine - Tribal Sauvignon,32,10,1,304,2
"Crab - Dungeness, Whole",Lettuce - Frisee,Beef - Striploin,Juice - Orange 1.89l,75,5,1,99,3
Apple - Macintosh,Shallots,Food Colouring - Blue,Flower - Commercial Spider,82,6,1,310,1
Quinoa,Wine - Clavet Saint Emilion,Wine - Placido Pinot Grigo,Wine - Zinfandel Rosenblum,43,1,1,389,2
Oxtail - Cut,Soup Campbells - Tomato Bisque,Steampan - Half Size Shallow,Artichoke - Fresh,47,10,1,451,2
Soup - Campbells Mushroom,Bread - Crusty Italian Poly,Longos - Lasagna Veg,"Soda Water - Club Soda, 355 Ml",17,5,1,209,3
Clams - Bay,Radish,Island Oasis - Wildberry,Banana Turning,12,6,1,344,2
Cheese - Marble,Cheese - Gorgonzola,Cakes Assorted,Sprite - 355 Ml,86,5,1,373,2
Wine - Charddonnay Errazuriz,Wine - Casablanca Valley,Taro Leaves,Garbage Bag - Clear,58,5,1,60,1
Halibut - Fletches,Daikon Radish,Vol Au Vents,Ice Cream - Turtles Stick Bar,1,9,1,411,2
Rice - Wild,Macaroons - Two Bite Choc,Fond - Chocolate,"Quail - Whole, Bone - In",89,4,1,143,1
Muskox - French Rack,Chinese Foods - Chicken Wing,"Lemonade - Mandarin, 591 Ml",Turkey Leg With Drum And Thigh,20,8,1,380,2
Flax Seed,Pop - Club Soda Can,Island Oasis - Magarita Mix,Muffin - Mix - Strawberry Rhubarb,72,8,1,397,4
Brandy - Bar,"Pasta - Fettuccine, Dry","Mustard - Dry, Powder",Beef - Shank,85,5,1,21,4
Sugar - Icing,Mushroom - Lg - Cello,Caviar - Salmon,Juice - Happy Planet,86,4,1,263,2
Goulash Seasoning,Mustard - Seed,Snapple Lemon Tea,Thermometer Digital,57,7,1,118,3
Rice - Long Grain,Wine - Balbach Riverside,Shrimp - Black Tiger 13/15,"Bread - White, Unsliced",19,4,1,223,3
Nantuket Peach Orange,"Veal - Inside Round / Top, Lean",Rootbeer,"Bread - Crumbs, Bulk",67,9,1,481,3
Nori Sea Weed - Gold Label,Garlic - Elephant,Parsnip,Capon - Whole,56,1,1,115,2
Wine - Domaine Boyar Royal,"Fish - Artic Char, Cold Smoked","Lemonade - Natural, 591 Ml",Vaccum Bag - 14x20,64,4,1,233,1
"Shrimp - Baby, Warm Water",Artichokes - Jerusalem,Sauce - Hoisin,Cherries - Frozen,79,5,1,467,4
Soupcontfoam16oz 116con,Onions - Pearl,Muffin Mix - Carrot,"Pasta - Rotini, Dry",42,10,1,2,4
Muffin - Zero Transfat,Magnotta Bel Paese Red,Bay Leaf Ground,Foil Wrap,92,7,1,193,2
Coconut - Whole,Yams,Soup Campbells - Italian Wedding,Pie Pecan,98,2,1,31,4
Food Colouring - Red,Cinnamon Buns Sticky,Tea - Mint,"Champagne - Brights, Dry",19,7,1,177,4
Cleaner - Pine Sol,Veal - Bones,Crush - Cream Soda,Cheese - Augre Des Champs,39,9,1,463,1
Chicken Breast Wing On,"Vermacelli - Sprinkles, Assorted",Wine - Chianti Classico Riserva,"Chicken - Base, Ultimate",47,8,1,409,2
Bread - Italian Corn Meal Poly,"Lamb - Whole, Fresh","Brocolinni - Gaylan, Chinese",Paper Towel Touchless,95,1,1,4,3
Pepper - Red Chili,"Shrimp - Baby, Cold Water",Filo Dough,Nestea - Iced Tea,91,7,1,296,2
Flower - Dish Garden,Spice - Chili Powder Mexican,Beets - Golden,"Cheese - Manchego, Spanish",8,3,1,463,1
Veal - Liver,Soup - Verve - Chipotle Chicken,Cardamon Ground,Muffin - Mix - Strawberry Rhubarb,64,7,1,452,1
"Beef - Outside, Round",Sea Urchin,Cleaner - Comet,Lobster - Base,5,10,1,439,3
Pork - Shoulder,Breakfast Quesadillas,Eggplant Italian,Island Oasis - Lemonade,30,8,1,497,4
Sprite - 355 Ml,Peppercorns - Green,Pasta - Cheese / Spinach Bauletti,White Fish - Filets,42,6,1,386,1
Apple - Granny Smith,Coffee - Hazelnut Cream,Cookies - Fortune,"Star Anise, Whole",34,4,1,91,4
Miso - Soy Bean Paste,"Pork - Bacon,back Peameal",Glaze - Clear,Tea - Herbal I Love Lemon,43,5,1,203,2
Kellogs All Bran Bars,The Pop Shoppe - Cream Soda,Juice - Lagoon Mango,Marzipan 50/50,85,1,1,376,4
Bread - Pain Au Liat X12,Table Cloth 53x53 White,Calypso - Pineapple Passion,Wine - Chablis J Moreau Et Fils,5,1,1,100,4
"Rice Pilaf, Dry,package",Longos - Chicken Cordon Bleu,Oil - Cooking Spray,Pork - Backfat,23,6,1,460,3
Garlic Powder,"Coke - Diet, 355 Ml",Beer - Corona,Wine - Rosso Toscano Igt,6,9,1,381,2
Cheese - Cottage Cheese,Wine - Periguita Fonseca,Scotch - Queen Anne,"Beef - Tongue, Cooked",45,1,1,213,3
Mcguinness - Blue Curacao,"Glass - Wine, Plastic, Clear 5 Oz",Cheese - Provolone,"Tomatoes - Plum, Canned",20,9,1,147,1
Bread Base - Goodhearth,Pasta - Ravioli,Cilantro / Coriander - Fresh,Oil - Cooking Spray,14,6,1,404,2
Lemon Grass,Kippers - Smoked,Yukon Jack,Chinese Foods - Cantonese,47,10,1,147,4
Pectin,Apples - Sliced / Wedge,"Hickory Smoke, Liquid","Chilli Paste, Ginger Garlic",51,10,1,475,1
Milk - 2%,Tamarillo,Bag - Regular Kraft 20 Lb,Oil - Grapeseed Oil,7,5,1,60,4
"Clams - Littleneck, Whole",Wine - Sake,Table Cloth 54x72 White,Lambcasing,35,8,1,209,2
Pork - Bacon Cooked Slcd,Beans - Green,Strawberries,Juice - Mango,28,6,1,93,3
Pickle - Dill,Longos - Lasagna Beef,"Artichoke - Hearts, Canned",Coffee Cup 8oz 5338cd,96,8,1,250,3
Veal - Sweetbread,Juice - Cranberry 284ml,Cheese - Pied De Vents,Bread - French Baquette,34,9,1,45,2
Veal - Ground,Calypso - Strawberry Lemonade,Plasticspoonblack,Tequila - Sauza Silver,43,5,1,399,1
"Split Peas - Green, Dry","Wine - Magnotta, White","Carrots - Mini, Stem On",Syrup - Pancake,17,4,1,318,1
Peppercorns - Green,Lotus Leaves,Urban Zen Drinks,Plate Pie Foil,21,9,1,450,4
"Trout - Hot Smkd, Dbl Fillet",Wine - Trimbach Pinot Blanc,Lemon Balm - Fresh,Soupcontfoam16oz 116con,20,5,1,165,4
Smoked Paprika,Buffalo - Tenderloin,"Rum - Dark, Bacardi, Black",Cookies - Amaretto,90,10,1,53,4
"Leeks - Baby, White",Sage Ground Wiberg,"Lid - 10,12,16 Oz","Wine - Red, Harrow Estates, Cab",35,8,1,96,3
Cheese - Grie Des Champ,Flour - Cake,Kiwi,Snapple Lemon Tea,58,8,1,164,1
"Bread - Roll, Soft White Round",Longos - Chicken Wings,"Beef - Tenderlion, Center Cut",Soup - Campbells Chili Veg,66,5,1,451,3
Pie Filling - Cherry,Chicken - Livers,"Soup - Canadian Pea, Dry Mix",Cornflakes,20,10,1,77,2
Sachet,"Wine - Red, Concha Y Toro",Pepper - Orange,French Kiss Vanilla,99,9,1,312,3
Caviar - Salmon,Cookies - Englishbay Chochip,Sardines,Sauce - Hollandaise,49,10,1,327,1
"Wine - Red, Colio Cabernet","Chicken - Leg, Boneless",Tea - Herbal - 6 Asst,"Salt - Rock, Course",76,9,1,450,1
Sauce - Alfredo,"Pepper - White, Whole",Sugar - Splenda Sweetener,Sherbet - Raspberry,63,4,1,50,2
Bar Energy Chocchip,Sprouts Dikon,Island Oasis - Magarita Mix,Flour - Fast / Rapid,54,9,1,492,1
Sprouts - China Rose,Initation Crab Meat,Squid - Breaded,Tea - Lemon Green Tea,39,8,1,153,1
Coffee Cup 8oz 5338cd,Soup - Campbellschix Stew,Wine - Stoneliegh Sauvignon,Swordfish Loin Portions,47,2,1,42,1
Cheese - Cambozola,Lobak,"Red Snapper - Fresh, Whole",Grapes - Black,47,7,1,55,4
Beer - Mcauslan Apricot,Pears - Fiorelle,Yukon Jack,Fondant - Icing,24,7,1,25,1
"Soup - Knorr, Ministrone","Pasta - Shells, Medium, Dry",V8 Splash Strawberry Kiwi,Arizona - Green Tea,29,8,1,115,3
Cheese - Sheep Milk,Sauce - Roasted Red Pepper,Energy Drink - Redbull 355ml,Beans - Soya Bean,79,8,1,280,3
Lid Coffeecup 12oz D9542b,Plastic Arrow Stir Stick,Ecolab - Hobart Upr Prewash Arm,Wine - Vidal Icewine Magnotta,89,10,1,455,2
"Rum - Dark, Bacardi, Black",Pepper - Yellow Bell,Gelatine Leaves - Bulk,"Doilies - 8, Paper",41,4,1,489,2
Veal - Provimi Inside,Potatoes - Fingerling 4 Oz,Tahini Paste,Beets - Pickled,67,6,1,72,3
Squid - Tubes / Tenticles 10/20,Shrimp - Prawn,Mushroom - Chanterelle Frozen,Pastrami,47,3,1,154,1
Puree - Mango,Lychee,Sprouts - Onion,"Oranges - Navel, 72",56,1,1,233,1
Juice - Orange,Muffin - Mix - Creme Brule 15l,"Thyme - Lemon, Fresh",Cheese - Mozzarella,31,9,1,200,3
Pepper - Roasted Red,Crab - Meat,Mountain Dew,Lettuce - Sea / Sea Asparagus,65,5,1,440,4
Chef Hat 25cm,Chips Potato All Dressed - 43g,Pears - Bosc,Chutney Sauce - Mango,81,7,1,210,4
Taro Root,Bulgar,Goldschalger,"Wine - Saint - Bris 2002, Sauv",52,5,1,486,4
"Bread - Roll, Soft White Round",Honey - Liquid,Sugar - Cubes,Hersey Shakes,46,3,1,447,1
"Rice Pilaf, Dry,package",Chips Potato Salt Vinegar 43g,Bay Leaf Ground,Uniform Linen Charge,32,9,1,144,2
Scallops - 10/20,"Cake Circle, Foil, Scallop",Beans - Soya Bean,Cheese - Stilton,49,6,1,374,3
Arrowroot,Wine - Tribal Sauvignon,Nectarines,Pork - Bones,40,4,1,289,4
Towel Multifold,"Cheese - Havarti, Salsa","Mushroom - Trumpet, Dry",Flour - Masa De Harina Mexican,57,5,1,203,1
Pork - Sausage Casing,"Cheese - Cheddar, Old White",Juice - Apple Cider,Noodles - Steamed Chow Mein,62,1,1,107,1
Carbonated Water - White Grape,Beer - Camerons Auburn,Sprouts - Corn,Capers - Pickled,47,8,1,465,2
Bread - Rye,"Wine - Mas Chicet Rose, Vintage",Bagel - 12 Grain Preslice,Appetizer - Assorted Box,32,10,1,196,3
"Wine - Bourgogne 2002, La",Dip - Tapenade,Truffle Cups Green,Broom - Angled,82,7,1,171,3
Chocolate - Milk Coating,Steampan Lid,Rosemary - Dry,Seaweed Green Sheets,22,8,1,211,4
"Chicken - Wings, Tip Off",Juice - Propel Sport,Salmon Steak - Cohoe 6 Oz,Bananas,92,9,1,220,2
Shrimp - 100 / 200 Cold Water,"Lamb - Pieces, Diced","Napkin - Beverge, White 2 - Ply",Table Cloth 90x90 Colour,60,3,1,432,1
